2023/9/1,10
2023/9/2,10
2023/9/3,10
2023/9/4,10
2023/9/5,10
2023/9/6,10
2023/9/7,10
2023/9/8,10
2023/9/9,10
2023/9/10,10
2023/9/11,10
2023/9/12,10
2023/9/13,10
2023/9/14,10
2023/9/15,10
2023/9/16,10
2023/9/17,10
2023/9/18,10
2023/9/19,10
2023/9/20,10
2023/9/21,10
2023/9/22,10
2023/9/23,10
2023/9/24,10
2023/9/25,10
2023/9/26,10
2023/9/27,10
2023/9/28,10
2023/9/29,10
2023/9/30,10
2023/10/1,10
2023/10/2,10
2023/10/3,10
2023/10/4,10
2023/10/5,10
2023/10/6,10
2023/10/7,10
2023/10/8,10
2023/10/9,10
2023/10/10,10
2023/10/11,10
2023/10/12,10
2023/10/13,10
2023/10/14,10
2023/10/15,10
2023/10/16,10
2023/10/17,10
2023/10/18,10
2023/10/19,10
2023/10/20,10
2023/10/21,10
2023/10/22,10
2023/10/23,10
2023/10/24,10
2023/10/25,10
2023/10/26,10
2023/10/27,10
2023/10/28,10
2023/10/29,10
2023/10/30,10
2023/10/31,10
2023/11/1,10
2023/11/2,10
2023/11/3,10
2023/11/4,10
2023/11/5,10
2023/11/6,10
2023/11/7,10
2023/11/8,10
2023/11/9,10
2023/11/10,10
2023/11/11,10
2023/11/12,10
2023/11/13,10
2023/11/14,10
2023/11/15,10
2023/11/16,10
2023/11/17,10
2023/11/18,10
2023/11/19,10
2023/11/20,10
2023/11/21,10
2023/11/22,10
2023/11/23,10
2023/11/24,10
2023/11/25,10
2023/11/26,10
2023/11/27,10
2023/11/28,10
2023/11/29,10
2023/11/30,10
2023/12/1,10
2023/12/2,10
2023/12/3,10
2023/12/4,10
2023/12/5,10
2023/12/6,10
2023/12/7,10
2023/12/8,10
2023/12/9,10
2023/12/10,10
2023/12/11,10
2023/12/12,10
2023/12/13,10
2023/12/14,10
2023/12/15,10
2023/12/16,10
2023/12/17,10
2023/12/18,10
2023/12/19,10
2023/12/20,10
2023/12/21,10
2023/12/22,10
2023/12/23,10
2023/12/24,10
2023/12/25,10
2023/12/26,10
2023/12/27,10
2023/12/28,10
2023/12/29,10
2023/12/30,10
2023/12/31,10
2024/1/1,10
2024/1/2,10
2024/1/3,10
2024/1/4,10
2024/1/5,10
2024/1/6,10
2024/1/7,10
2024/1/8,10
2024/1/9,10
2024/1/10,10
2024/1/11,10
2024/1/12,10
2024/1/13,10
2024/1/14,10
2024/1/15,10
2024/1/16,10
2024/1/17,10
2024/1/18,10
2024/1/19,10
2024/1/20,10
2024/1/21,10
2024/1/22,10
2024/1/23,10
2024/1/24,10
2019/12/25,10
2019/12/26,10
2019/12/27,10
2019/12/28,10
2019/12/29,10
2019/12/30,10
2019/12/31,10
2020/1/1,10
2020/1/2,10
2020/1/3,10
2020/1/4,10
2020/1/5,10
2020/1/6,10
2020/1/7,10
2020/1/8,10
2020/1/9,10
2020/1/10,10
2020/1/11,10
2020/1/12,10
2020/1/13,10
2020/1/14,10
2020/1/15,10
2020/1/16,10
2020/1/17,10
2020/1/18,10
2020/1/19,10
2020/1/20,10
2020/1/21,10
2020/1/22,10
2020/1/23,10
2020/1/24,10
2020/1/25,10
2020/1/26,10
2020/1/27,10
2020/1/28,10
2020/1/29,10
2020/1/30,10
2020/1/31,10
2020/2/1,10
2020/2/2,10
2020/2/3,10
2020/2/4,10
2020/2/5,10
2020/2/6,10
2020/2/7,10
2020/2/8,10
2020/2/9,10
2020/2/10,10
2020/2/11,10
2020/2/12,10
2020/2/13,10
2020/2/14,10
2020/2/15,10
2020/2/16,10
2020/2/17,10
2020/2/18,10
2020/2/19,10
2020/2/20,10
2020/2/21,10
2020/2/22,10
2020/2/23,10
2020/2/24,10
2020/2/25,10
2020/2/26,10
2020/2/27,10
2020/2/28,10
2020/2/29,10
2020/3/1,10
2020/3/2,10
2020/3/3,10
2020/3/4,10
2020/3/5,10
2020/3/6,10
2020/3/7,10
2020/3/8,10
2020/3/9,10
2020/3/10,10
2020/3/11,10
2020/3/12,10
2020/3/13,10
2020/3/14,10
2020/3/15,10
2020/3/16,10
2020/3/17,10
2020/3/18,10
2020/3/19,10
2020/3/20,10
2020/3/21,10
2020/3/22,10
2020/3/23,10
2020/3/24,10
2020/3/25,10
2020/3/26,10
2020/3/27,10
2020/3/28,10
2020/3/29,10
2020/3/30,10
2020/3/31,10
2020/4/1,10
2020/4/2,10
2020/4/3,10
2020/4/4,10
2020/4/5,10
2020/4/6,10
2020/4/7,10
2020/4/8,10
2020/4/9,10
2020/4/10,10
2020/4/11,10
2020/4/12,10
2020/4/13,10
2020/4/14,10
2020/4/15,10
2020/4/16,10
2020/4/17,10
2020/4/18,10
2020/4/19,10
2020/4/20,10
2020/4/21,10
2020/4/22,10
2020/4/23,10
2020/4/24,10
2020/4/25,10
2020/4/26,10
2020/4/27,10
2020/4/28,10
2020/4/29,10
2020/4/30,10
2020/5/1,10
2020/5/2,10
2020/5/3,10
2020/5/4,10
2020/5/5,10
2020/5/6,10
2020/5/7,10
2020/5/8,10
2020/5/9,10
2020/5/10,10
2020/5/11,10
2020/5/12,10
2020/5/13,10
2020/5/14,10
2020/5/15,10
2020/5/16,10
2020/5/17,10
2020/5/18,10
2020/5/19,10
2020/5/20,10
2020/5/21,10
2020/5/22,10
2020/5/23,10
2020/5/24,10
2020/5/25,10
2020/5/26,10
2020/5/27,10
2020/5/28,10
2020/5/29,10
2020/5/30,10
2020/5/31,10
2020/6/1,10
2020/6/2,10
2020/6/3,10
2020/6/4,10
2020/6/5,10
2020/6/6,10
2020/6/7,10
2020/6/8,10
2020/6/9,10
2020/6/10,10
2020/6/11,10
2020/6/12,10
2020/6/13,10
2020/6/14,10
2020/6/15,10
2020/6/16,10
2020/6/17,10
2020/6/18,10
2020/6/19,10
2020/6/20,10
2020/6/21,10
2020/6/22,10
2020/6/23,10
2020/6/24,10
2020/6/25,10
2020/6/26,10
2020/6/27,10
2020/6/28,10
2020/6/29,10
2020/6/30,10
2020/7/1,10
2020/7/2,10
2020/7/3,10
2020/7/4,10
2020/7/5,10
