,date,hour,h,FRACDF
0,2019/12/25,1,0,0
1,2019/12/25,3,0,0
2,2019/12/25,5,0,0
3,2019/12/25,7,0.043047048,0.144339688
4,2019/12/25,9,0.322947383,0.190994082
5,2019/12/25,11,0.519804754,0.074771852
6,2019/12/25,13,0.504193442,0.074998506
7,2019/12/25,15,0.283786182,0.132360162
8,2019/12/25,17,0.019308757,0.211514512
9,2019/12/25,19,0,0
10,2019/12/25,21,0,0
11,2019/12/25,23,0,0
12,2019/12/26,1,0,0
13,2019/12/26,3,0,0
14,2019/12/26,5,0,0
15,2019/12/26,7,0.042466006,0.473323229
16,2019/12/26,9,0.322155257,0.874313463
17,2019/12/26,11,0.519840909,0.876248447
18,2019/12/26,13,0.505183916,0.891383836
19,2019/12/26,15,0.285392927,0.943905613
20,2019/12/26,17,0.020172372,0.488591719
21,2019/12/26,19,0,0
22,2019/12/26,21,0,0
23,2019/12/26,23,0,0
24,2019/12/27,1,0,0
25,2019/12/27,3,0,0
26,2019/12/27,5,0,0
27,2019/12/27,7,0.041930738,0.325680176
28,2019/12/27,9,0.321473712,0.438898256
29,2019/12/27,11,0.520006604,0.133486829
30,2019/12/27,13,0.506299952,0.183179725
31,2019/12/27,15,0.287100761,0.122670823
32,2019/12/27,17,0.021076886,0.128722637
33,2019/12/27,19,0,0
34,2019/12/27,21,0,0
35,2019/12/27,23,0,0
36,2019/12/28,1,0,0
37,2019/12/28,3,0,0
38,2019/12/28,5,0,0
39,2019/12/28,7,0.041441948,0.126688051
40,2019/12/28,9,0.320903793,0.098062648
41,2019/12/28,11,0.520302044,0.053892942
42,2019/12/28,13,0.507540833,0.057109802
43,2019/12/28,15,0.288908189,0.141435415
44,2019/12/28,17,0.022021591,0.010629354
45,2019/12/28,19,0,0
46,2019/12/28,21,0,0
47,2019/12/28,23,0,0
48,2019/12/29,1,0,0
49,2019/12/29,3,0,0
50,2019/12/29,5,0,0
51,2019/12/29,7,0.041000294,0.140970757
52,2019/12/29,9,0.320446456,0.09917922
53,2019/12/29,11,0.52072737,0.060968669
54,2019/12/29,13,0.508905817,0.120661045
55,2019/12/29,15,0.290813719,0.770503244
56,2019/12/29,17,0.023005766,0.474637149
57,2019/12/29,19,0,0
58,2019/12/29,21,0,0
59,2019/12/29,23,0,0
60,2019/12/30,1,0,0
61,2019/12/30,3,0,0
62,2019/12/30,5,0,0
63,2019/12/30,7,0.040606382,0.489509941
64,2019/12/30,9,0.320102548,0.984232801
65,2019/12/30,11,0.521282646,0.985243164
66,2019/12/30,13,0.510394125,0.967910279
67,2019/12/30,15,0.292815866,0.975795712
68,2019/12/30,17,0.024028683,0.491239722
69,2019/12/30,19,0,0
70,2019/12/30,21,0,0
71,2019/12/30,23,0,0
72,2019/12/31,1,0,0
73,2019/12/31,3,0,0
74,2019/12/31,5,0,0
75,2019/12/31,7,0.04026076,0.193593613
76,2019/12/31,9,0.319872803,0.8178795
77,2019/12/31,11,0.521967855,0.9827141
78,2019/12/31,13,0.512004943,0.180846411
79,2019/12/31,15,0.294913142,0.177194637
80,2019/12/31,17,0.025089604,0.20359299
81,2019/12/31,19,0,0
82,2019/12/31,21,0,0
83,2019/12/31,23,0,0
84,2020/1/1,1,0,0
85,2020/1/1,3,0,0
86,2020/1/1,5,0,0
87,2020/1/1,7,0.039963923,0.109921602
88,2020/1/1,9,0.319759739,0.28073488
89,2020/1/1,11,0.522784502,0.627656936
90,2020/1/1,13,0.513735549,0.550812149
91,2020/1/1,15,0.297099636,0.234194405
92,2020/1/1,17,0.026185147,0.099140436
93,2020/1/1,19,0,0
94,2020/1/1,21,0,0
95,2020/1/1,23,0,0
96,2020/1/2,1,0,0
97,2020/1/2,3,0,0
98,2020/1/2,5,0,0
99,2020/1/2,7,0.039718966,0.089171612
100,2020/1/2,9,0.319762475,0.221994138
101,2020/1/2,11,0.523729215,0.388901278
102,2020/1/2,13,0.51558877,0.401243735
103,2020/1/2,15,0.299382668,0.527392369
104,2020/1/2,17,0.027319798,0.351559709
105,2020/1/2,19,0,0
106,2020/1/2,21,0,0
107,2020/1/2,23,0,0
108,2020/1/3,1,0,0
109,2020/1/3,3,0,0
110,2020/1/3,5,0,0
111,2020/1/3,7,0.039521002,0.289318612
112,2020/1/3,9,0.319878561,0.621117499
113,2020/1/3,11,0.524803317,0.636790674
114,2020/1/3,13,0.517561769,0.842134488
115,2020/1/3,15,0.301756281,0.513698391
116,2020/1/3,17,0.028490145,0.449808629
117,2020/1/3,19,0,0
118,2020/1/3,21,0,0
119,2020/1/3,23,0,0
120,2020/1/4,1,0,0
121,2020/1/4,3,0,0
122,2020/1/4,5,0,0
123,2020/1/4,7,0.039373035,0.205111111
124,2020/1/4,9,0.320110692,0.711825207
125,2020/1/4,11,0.526006462,0.137807592
126,2020/1/4,13,0.519653526,0.633804052
127,2020/1/4,15,0.304218907,0.672011929
128,2020/1/4,17,0.029695381,0.369243052
129,2020/1/4,19,0,0
130,2020/1/4,21,0,0
131,2020/1/4,23,0,0
132,2020/1/5,1,0,0
133,2020/1/5,3,0,0
134,2020/1/5,5,0,0
135,2020/1/5,7,0.039275384,0.121085257
136,2020/1/5,9,0.320459093,0.10305002
137,2020/1/5,11,0.527338227,0.063678424
138,2020/1/5,13,0.521862966,0.036093901
139,2020/1/5,15,0.306768951,0.056735594
140,2020/1/5,17,0.03093468,0.057603508
141,2020/1/5,19,0,0
142,2020/1/5,21,0,0
143,2020/1/5,23,0,0
144,2020/1/6,1,0,0
145,2020/1/6,3,0,0
146,2020/1/6,5,0,0
147,2020/1/6,7,0.039228332,0.12054146
148,2020/1/6,9,0.320923898,0.09188665
149,2020/1/6,11,0.52879811,0.046634004
150,2020/1/6,13,0.524188961,0.054138458
151,2020/1/6,15,0.309404793,0.430223161
152,2020/1/6,17,0.032207202,0.384638371
153,2020/1/6,19,0,0
154,2020/1/6,21,0,0
155,2020/1/6,23,0,0
156,2020/1/7,1,0,0
157,2020/1/7,3,0,0
158,2020/1/7,5,0,0
159,2020/1/7,7,0.039232123,0.415442635
160,2020/1/7,9,0.321505153,0.74451307
161,2020/1/7,11,0.530385539,0.891166536
162,2020/1/7,13,0.526630333,0.953506993
163,2020/1/7,15,0.312124785,0.982249907
164,2020/1/7,17,0.033512089,0.494728991
165,2020/1/7,19,0,0
166,2020/1/7,21,0,0
167,2020/1/7,23,0,0
168,2020/1/8,1,0,0
169,2020/1/8,3,0,0
170,2020/1/8,5,0,0
171,2020/1/8,7,0.039286969,0.495879509
172,2020/1/8,9,0.322202821,0.97629196
173,2020/1/8,11,0.532099871,0.331315781
174,2020/1/8,13,0.529185854,0.552870437
175,2020/1/8,15,0.314927256,0.495203874
176,2020/1/8,17,0.034848473,0.463435388
177,2020/1/8,19,0,0
178,2020/1/8,21,0,0
179,2020/1/8,23,0,0
180,2020/1/9,1,0,0
181,2020/1/9,3,0,0
182,2020/1/9,5,0,0
183,2020/1/9,7,0.039393053,0.16320269
184,2020/1/9,9,0.323016794,0.128581638
185,2020/1/9,11,0.533940407,0.064964979
186,2020/1/9,13,0.531854252,0.060476311
187,2020/1/9,15,0.317810506,0.163765021
188,2020/1/9,17,0.036215468,0.325682663
189,2020/1/9,19,0,0
190,2020/1/9,21,0,0
191,2020/1/9,23,0,0
192,2020/1/10,1,0,0
193,2020/1/10,3,0,0
194,2020/1/10,5,0,0
195,2020/1/10,7,0.039550537,0.164996005
196,2020/1/10,9,0.323946906,0.111651365
197,2020/1/10,11,0.535906397,0.073227246
198,2020/1/10,13,0.534634218,0.06887934
199,2020/1/10,15,0.320772815,0.231252201
200,2020/1/10,17,0.037612181,0.101340336
201,2020/1/10,19,0,0
202,2020/1/10,21,0,0
203,2020/1/10,23,0,0
204,2020/1/11,1,0,0
205,2020/1/11,3,0,0
206,2020/1/11,5,0,0
207,2020/1/11,7,0.039759564,0.367125921
208,2020/1/11,9,0.324992944,0.594656112
209,2020/1/11,11,0.537997061,0.099773809
210,2020/1/11,13,0.537524422,0.059221553
211,2020/1/11,15,0.323812453,0.119130147
212,2020/1/11,17,0.03903771,0.159104163
213,2020/1/11,19,0,0
214,2020/1/11,21,0,0
215,2020/1/11,23,0,0
216,2020/1/12,1,0,0
217,2020/1/12,3,0,0
218,2020/1/12,5,0,0
219,2020/1/12,7,0.040020262,0.273311608
220,2020/1/12,9,0.326154652,0.803413807
221,2020/1/12,11,0.540211595,0.856512961
222,2020/1/12,13,0.540523532,0.762289825
223,2020/1/12,15,0.326927709,0.913669929
224,2020/1/12,17,0.040491169,0.237013215
225,2020/1/12,19,0,0
226,2020/1/12,21,0,0
227,2020/1/12,23,0,0
228,2020/1/13,1,0,0
229,2020/1/13,3,0,0
230,2020/1/13,5,0,0
231,2020/1/13,7,0.040332729,0.255848507
232,2020/1/13,9,0.327431718,0.151239132
233,2020/1/13,11,0.542549173,0.066267446
234,2020/1/13,13,0.543630227,0.653262365
235,2020/1/13,15,0.330116909,0.531121094
236,2020/1/13,17,0.041971692,0.28886595
237,2020/1/13,19,0,0
238,2020/1/13,21,0,0
239,2020/1/13,23,0,0
240,2020/1/14,1,0,0
241,2020/1/14,3,0,0
242,2020/1/14,5,0,0
243,2020/1/14,7,0.040697027,0.17773364
244,2020/1/14,9,0.328823757,0.177855629
245,2020/1/14,11,0.545008933,0.343545319
246,2020/1/14,13,0.546843192,0.622060062
247,2020/1/14,15,0.333378423,0.447802803
248,2020/1/14,17,0.043478444,0.428304068
249,2020/1/14,19,0,0
250,2020/1/14,21,0,0
251,2020/1/14,23,0,0
252,2020/1/15,1,0,0
253,2020/1/15,3,0,0
254,2020/1/15,5,0,0
255,2020/1/15,7,0.041113175,0.202470335
256,2020/1/15,9,0.330330299,0.168996146
257,2020/1/15,11,0.547589965,0.295133867
258,2020/1/15,13,0.550161107,0.113424585
259,2020/1/15,15,0.336710644,0.090464116
260,2020/1/15,17,0.045010608,0.128783237
261,2020/1/15,19,0,0
262,2020/1/15,21,0,0
263,2020/1/15,23,0,0
264,2020/1/16,1,0,0
265,2020/1/16,3,0,0
266,2020/1/16,5,0,0
267,2020/1/16,7,0.041581156,0.323424763
268,2020/1/16,9,0.331950796,0.6251156
269,2020/1/16,11,0.5502913,0.828089598
270,2020/1/16,13,0.553582608,0.894596313
271,2020/1/16,15,0.340111948,0.814964068
272,2020/1/16,17,0.046567365,0.367373904
273,2020/1/16,19,0,0
274,2020/1/16,21,0,0
275,2020/1/16,23,0,0
276,2020/1/17,1,0,0
277,2020/1/17,3,0,0
278,2020/1/17,5,0,0
279,2020/1/17,7,0.042100928,0.344573885
280,2020/1/17,9,0.333684638,0.757231238
281,2020/1/17,11,0.553111905,0.766617012
282,2020/1/17,13,0.557106262,0.904227888
283,2020/1/17,15,0.34358064,0.877688752
284,2020/1/17,17,0.048147867,0.469779844
285,2020/1/17,19,0,0
286,2020/1/17,21,0,0
287,2020/1/17,23,0,0
288,2020/1/18,1,0,0
289,2020/1/18,3,0,0
290,2020/1/18,5,0,0
291,2020/1/18,7,0.042672445,0.451861402
292,2020/1/18,9,0.33553119,0.619186327
293,2020/1/18,11,0.556050693,0.110293868
294,2020/1/18,13,0.560730543,0.059269493
295,2020/1/18,15,0.347114917,0.172255028
296,2020/1/18,17,0.049751212,0.258705313
297,2020/1/18,19,0,0
298,2020/1/18,21,0,0
299,2020/1/18,23,0,0
300,2020/1/19,1,0,0
301,2020/1/19,3,0,0
302,2020/1/19,5,0,0
303,2020/1/19,7,0.043295669,0.128502538
304,2020/1/19,9,0.337489806,0.100273884
305,2020/1/19,11,0.559106525,0.054021174
306,2020/1/19,13,0.564453822,0.387441626
307,2020/1/19,15,0.350712844,0.697173021
308,2020/1/19,17,0.051376435,0.423669243
309,2020/1/19,19,0,0
310,2020/1/19,21,0,0
311,2020/1/19,23,0,0
312,2020/1/20,1,0,0
313,2020/1/20,3,0,0
314,2020/1/20,5,0,0
315,2020/1/20,7,0.043970578,0.229737531
316,2020/1/20,9,0.33955985,0.239529341
317,2020/1/20,11,0.562278229,0.370325244
318,2020/1/20,13,0.568274372,0.565545255
319,2020/1/20,15,0.354372361,0.328142885
320,2020/1/20,17,0.053022507,0.366620978
321,2020/1/20,19,0,0
322,2020/1/20,21,0,0
323,2020/1/20,23,0,0
324,2020/1/21,1,0,0
325,2020/1/21,3,0,0
326,2020/1/21,5,0,0
327,2020/1/21,7,0.044697163,0.217558602
328,2020/1/21,9,0.341740693,0.523037727
329,2020/1/21,11,0.5655646,0.086999613
330,2020/1/21,13,0.572190382,0.04981245
331,2020/1/21,15,0.358091299,0.100699532
332,2020/1/21,17,0.054688349,0.125325959
333,2020/1/21,19,0,0
334,2020/1/21,21,0,0
335,2020/1/21,23,0,0
336,2020/1/22,1,0,0
337,2020/1/22,3,0,0
338,2020/1/22,5,0,0
339,2020/1/22,7,0.045475423,0.392628211
340,2020/1/22,9,0.344031707,0.581895922
341,2020/1/22,11,0.56896441,0.373875456
342,2020/1/22,13,0.576199981,0.787251813
343,2020/1/22,15,0.361867413,0.738110425
344,2020/1/22,17,0.056372847,0.453166314
345,2020/1/22,19,0,0
346,2020/1/22,21,0,0
347,2020/1/22,23,0,0
348,2020/1/23,1,0,0
349,2020/1/23,3,0,0
350,2020/1/23,5,0,0
351,2020/1/23,7,0.046305348,0.476796512
352,2020/1/23,9,0.346432246,0.96836013
353,2020/1/23,11,0.572476404,0.983114518
354,2020/1/23,13,0.580301252,0.986547647
355,2020/1/23,15,0.365698412,0.950539566
356,2020/1/23,17,0.058074871,0.446823943
357,2020/1/23,19,0,0
358,2020/1/23,21,0,0
359,2020/1/23,23,0,0
360,2020/1/24,1,0,0
361,2020/1/24,3,0,0
362,2020/1/24,5,0,0
363,2020/1/24,7,0.047186908,0.370134037
364,2020/1/24,9,0.348941625,0.752337976
365,2020/1/24,11,0.5760993,0.756503528
366,2020/1/24,13,0.584492256,0.598222283
367,2020/1/24,15,0.369582001,0.206873439
368,2020/1/24,17,0.0597933,0.355672282
369,2020/1/24,19,0,0
370,2020/1/24,21,0,0
371,2020/1/24,23,0,0
372,2020/1/25,1,0,0
373,2020/1/25,3,0,0
374,2020/1/25,5,0,0
375,2020/1/25,7,0.048120032,0.296666905
376,2020/1/25,9,0.351559099,0.738524622
377,2020/1/25,11,0.579831778,0.444043978
378,2020/1/25,13,0.588771041,0.240160344
379,2020/1/25,15,0.373515901,0.547309621
380,2020/1/25,17,0.061527034,0.443432718
381,2020/1/25,19,0,0
382,2020/1/25,21,0,0
383,2020/1/25,23,0,0
384,2020/1/26,1,0,0
385,2020/1/26,3,0,0
386,2020/1/26,5,0,0
387,2020/1/26,7,0.049104604,0.461684109
388,2020/1/26,9,0.354283841,0.949533705
389,2020/1/26,11,0.583672473,0.755840829
390,2020/1/26,13,0.593135653,0.179637798
391,2020/1/26,15,0.377497872,0.705404224
392,2020/1/26,17,0.063275005,0.379337803
393,2020/1/26,19,0,0
394,2020/1/26,21,0,0
395,2020/1/26,23,0,0
396,2020/1/27,1,0,0
397,2020/1/27,3,0,0
398,2020/1/27,5,0,0
399,2020/1/27,7,0.050140447,0.486574821
400,2020/1/27,9,0.357114931,0.971129092
401,2020/1/27,11,0.587619971,0.830740054
402,2020/1/27,13,0.597584134,0.894769036
403,2020/1/27,15,0.381525715,0.98371195
404,2020/1/27,17,0.065036183,0.486715984
405,2020/1/27,19,0,0
406,2020/1/27,21,0,0
407,2020/1/27,23,0,0
408,2020/1/28,1,0,0
409,2020/1/28,3,0,0
410,2020/1/28,5,0,0
411,2020/1/28,7,0.051227324,0.434533966
412,2020/1/28,9,0.360051355,0.797801654
413,2020/1/28,11,0.591672806,0.795049341
414,2020/1/28,13,0.602114517,0.848602158
415,2020/1/28,15,0.385597269,0.53161378
416,2020/1/28,17,0.066809573,0.279077109
417,2020/1/28,19,0,0
418,2020/1/28,21,0,0
419,2020/1/28,23,0,0
420,2020/1/29,1,0,0
421,2020/1/29,3,0,0
422,2020/1/29,5,0,0
423,2020/1/29,7,0.052364942,0.390194292
424,2020/1/29,9,0.363092007,0.275906925
425,2020/1/29,11,0.595829453,0.630430937
426,2020/1/29,13,0.606724826,0.405602582
427,2020/1/29,15,0.389710406,0.12974335
428,2020/1/29,17,0.06859421,0.130318452
429,2020/1/29,19,0,0
430,2020/1/29,21,0,0
431,2020/1/29,23,0,0
432,2020/1/30,1,0,0
433,2020/1/30,3,0,0
434,2020/1/30,5,0,0
435,2020/1/30,7,0.053552952,0.40616581
436,2020/1/30,9,0.36623569,0.653070995
437,2020/1/30,11,0.600088338,0.563700045
438,2020/1/30,13,0.611413068,0.134091603
439,2020/1/30,15,0.393863021,0.127988442
440,2020/1/30,17,0.070389155,0.142983654
441,2020/1/30,19,0,0
442,2020/1/30,21,0,0
443,2020/1/30,23,0,0
444,2020/1/31,1,0,0
445,2020/1/31,3,0,0
446,2020/1/31,5,0,0
447,2020/1/31,7,0.05479095,0.111998041
448,2020/1/31,9,0.369481125,0.08689609
449,2020/1/31,11,0.604447828,0.039919272
450,2020/1/31,13,0.616177228,0.040905973
451,2020/1/31,15,0.398053027,0.078776006
452,2020/1/31,17,0.072193495,0.13230661
453,2020/1/31,19,0,0
454,2020/1/31,21,0,0
455,2020/1/31,23,0,0
456,2020/2/1,1,0,0
457,2020/2/1,3,0,0
458,2020/2/1,5,0,0
459,2020/2/1,7,0.056078484,0.123033749
460,2020/2/1,9,0.372826308,0.065198519
461,2020/2/1,11,0.608905617,0.008170421
462,2020/2/1,13,0.621015796,0.190729197
463,2020/2/1,15,0.402279728,0.192005464
464,2020/2/1,17,0.074007184,0.342954574
465,2020/2/1,19,0,0
466,2020/2/1,21,0,0
467,2020/2/1,23,0,0
468,2020/2/2,1,0,0
469,2020/2/2,3,0,0
470,2020/2/2,5,0,0
471,2020/2/2,7,0.057414196,0.134304888
472,2020/2/2,9,0.376270314,0.132151586
473,2020/2/2,11,0.613461222,0.05688222
474,2020/2/2,13,0.625925669,0.065105202
475,2020/2/2,15,0.406538318,0.099214541
476,2020/2/2,17,0.075827653,0.134415018
477,2020/2/2,19,0,0
478,2020/2/2,21,0,0
479,2020/2/2,23,0,0
480,2020/2/3,1,0,0
481,2020/2/3,3,0,0
482,2020/2/3,5,0,0
483,2020/2/3,7,0.058799256,0.21704875
484,2020/2/3,9,0.379812563,0.169517692
485,2020/2/3,11,0.61811225,0.419604529
486,2020/2/3,13,0.630905299,0.691497595
487,2020/2/3,15,0.410828129,0.678108808
488,2020/2/3,17,0.077654898,0.27621977
489,2020/2/3,19,0,0
490,2020/2/3,21,0,0
491,2020/2/3,23,0,0
492,2020/2/4,1,0,0
493,2020/2/4,3,0,0
494,2020/2/4,5,0,0
495,2020/2/4,7,0.060232218,0.129931209
496,2020/2/4,9,0.383450709,0.093974997
497,2020/2/4,11,0.622856889,0.04922551
498,2020/2/4,13,0.635952605,0.045188054
499,2020/2/4,15,0.415147145,0.06915952
500,2020/2/4,17,0.079488091,0.106240864
501,2020/2/4,19,0,0
502,2020/2/4,21,0,0
503,2020/2/4,23,0,0
504,2020/2/5,1,0,0
505,2020/2/5,3,0,0
506,2020/2/5,5,0,0
507,2020/2/5,7,0.061712453,0.374252319
508,2020/2/5,9,0.387183127,0.178525534
509,2020/2/5,11,0.627693294,0.234110401
510,2020/2/5,13,0.641065502,0.097694812
511,2020/2/5,15,0.419493375,0.03182844
512,2020/2/5,17,0.081326429,0.057701618
513,2020/2/5,19,0,0
514,2020/2/5,21,0,0
515,2020/2/5,23,0,0
516,2020/2/6,1,0,0
517,2020/2/6,3,0,0
518,2020/2/6,5,0,0
519,2020/2/6,7,0.063239292,0.114950371
520,2020/2/6,9,0.391008138,0.0801213
521,2020/2/6,11,0.632619594,0.074079433
522,2020/2/6,13,0.646241899,0.091388537
523,2020/2/6,15,0.423864858,0.084331961
524,2020/2/6,17,0.083169135,0.148889964
525,2020/2/6,19,0,0
526,2020/2/6,21,0,0
527,2020/2/6,23,0,0
528,2020/2/7,1,0,0
529,2020/2/7,3,0,0
530,2020/2/7,5,0,0
531,2020/2/7,7,0.064812035,0.351702583
532,2020/2/7,9,0.394924022,0.301098453
533,2020/2/7,11,0.637633903,0.108846902
534,2020/2/7,13,0.651479718,0.139194057
535,2020/2/7,15,0.428259666,0.175974886
536,2020/2/7,17,0.085015458,0.288304125
537,2020/2/7,19,0,0
538,2020/2/7,21,0,0
539,2020/2/7,23,0,0
540,2020/2/8,1,0,0
541,2020/2/8,3,0,0
542,2020/2/8,5,0,0
543,2020/2/8,7,0.066429952,0.252580076
544,2020/2/8,9,0.398929023,0.203740235
545,2020/2/8,11,0.642734329,0.113249563
546,2020/2/8,13,0.656776902,0.070121026
547,2020/2/8,15,0.432675926,0.076283447
548,2020/2/8,17,0.086864684,0.140932352
549,2020/2/8,19,0,0
550,2020/2/8,21,0,0
551,2020/2/8,23,0,0
552,2020/2/9,1,0,0
553,2020/2/9,3,0,0
554,2020/2/9,5,0,0
555,2020/2/9,7,0.068092279,0.115052998
556,2020/2/9,9,0.403021347,0.07765217
557,2020/2/9,11,0.647918984,0.045324115
558,2020/2/9,13,0.662131441,0.040107222
559,2020/2/9,15,0.437111851,0.069370509
560,2020/2/9,17,0.088716154,0.096620651
561,2020/2/9,19,0,0
562,2020/2/9,21,0,0
563,2020/2/9,23,0,0
564,2020/2/10,1,0,0
565,2020/2/10,3,0,0
566,2020/2/10,5,0,0
567,2020/2/10,7,0.069798209,0.23552851
568,2020/2/10,9,0.407199145,0.336690629
569,2020/2/10,11,0.65318598,0.47543589
570,2020/2/10,13,0.667541391,0.539785239
571,2020/2/10,15,0.441565767,0.726838837
572,2020/2/10,17,0.090569276,0.35854318
573,2020/2/10,19,0,0
574,2020/2/10,21,0,0
575,2020/2/10,23,0,0
576,2020/2/11,1,0,0
577,2020/2/11,3,0,0
578,2020/2/11,5,0,0
579,2020/2/11,7,0.071546878,0.150962794
580,2020/2/11,9,0.411460493,0.114359779
581,2020/2/11,11,0.658533421,0.059772669
582,2020/2/11,13,0.673004874,0.053204555
583,2020/2/11,15,0.446036127,0.080989171
584,2020/2/11,17,0.092423536,0.10002016
585,2020/2/11,19,0,0
586,2020/2/11,21,0,0
587,2020/2/11,23,0,0
588,2020/2/12,1,0,0
589,2020/2/12,3,0,0
590,2020/2/12,5,0,0
591,2020/2/12,7,0.07333737,0.397240522
592,2020/2/12,9,0.41580339,0.645931026
593,2020/2/12,11,0.663959389,0.264050889
594,2020/2/12,13,0.678520055,0.162491592
595,2020/2/12,15,0.450521476,0.78307181
596,2020/2/12,17,0.094278477,0.449937532
597,2020/2/12,19,0,0
598,2020/2/12,21,0,0
599,2020/2/12,23,0,0
600,2020/2/13,1,0,0
601,2020/2/13,3,0,0
602,2020/2/13,5,0,0
603,2020/2/13,7,0.075168723,0.440142116
604,2020/2/13,9,0.420225768,0.766170045
605,2020/2/13,11,0.669461934,0.673457267
606,2020/2/13,13,0.684085102,0.452611668
607,2020/2/13,15,0.455020393,0.675747871
608,2020/2/13,17,0.09645742,0.430361841
609,2020/2/13,19,0,0
610,2020/2/13,21,0,0
611,2020/2/13,23,0,0
612,2020/2/14,1,0,0
613,2020/2/14,3,0,0
614,2020/2/14,5,0,0
615,2020/2/14,7,0.077039957,0.421179799
616,2020/2/14,9,0.424725529,0.805827557
617,2020/2/14,11,0.675039073,0.892433142
618,2020/2/14,13,0.689698142,0.964192249
619,2020/2/14,15,0.459531415,0.964128016
620,2020/2/14,17,0.09973015,0.403093275
621,2020/2/14,19,0,0
622,2020/2/14,21,0,0
623,2020/2/14,23,0,0
624,2020/2/15,1,0,0
625,2020/2/15,3,0,0
626,2020/2/15,5,0,0
627,2020/2/15,7,0.078950094,0.393489323
628,2020/2/15,9,0.429300579,0.803531182
629,2020/2/15,11,0.680688794,0.826855432
630,2020/2/15,13,0.695357224,0.885839897
631,2020/2/15,15,0.464052988,0.714007553
632,2020/2/15,17,0.103013759,0.156924004
633,2020/2/15,19,0,0
634,2020/2/15,21,0,0
635,2020/2/15,23,0,0
636,2020/2/16,1,0,0
637,2020/2/16,3,0,0
638,2020/2/16,5,0,0
639,2020/2/16,7,0.08089818,0.496584911
640,2020/2/16,9,0.433948854,0.991241133
641,2020/2/16,11,0.686409071,0.98359006
642,2020/2/16,13,0.701060314,0.986632373
643,2020/2/16,15,0.468583444,0.98102923
644,2020/2/16,17,0.101695944,0.493814408
645,2020/2/16,19,0,0
646,2020/2/16,21,0,0
647,2020/2/16,23,0,0
648,2020/2/17,1,0,0
649,2020/2/17,3,0,0
650,2020/2/17,5,0,0
651,2020/2/17,7,0.082883282,0.269618423
652,2020/2/17,9,0.438668326,0.646646715
653,2020/2/17,11,0.692197865,0.073773269
654,2020/2/17,13,0.706805299,0.695507492
655,2020/2/17,15,0.473121013,0.195806831
656,2020/2/17,17,0.109617067,0.248429341
657,2020/2/17,19,0,0
658,2020/2/17,21,0,0
659,2020/2/17,23,0,0
660,2020/2/18,1,0,0
661,2020/2/18,3,0,0
662,2020/2/18,5,0,0
663,2020/2/18,7,0.084904488,0.315529435
664,2020/2/18,9,0.443456999,0.260571999
665,2020/2/18,11,0.698053133,0.389379834
666,2020/2/18,13,0.712590011,0.44817316
667,2020/2/18,15,0.477663851,0.786633667
668,2020/2/18,17,0.112935481,0.412019309
669,2020/2/18,19,0,0
670,2020/2/18,21,0,0
671,2020/2/18,23,0,0
672,2020/2/19,1,0,0
673,2020/2/19,3,0,0
674,2020/2/19,5,0,0
675,2020/2/19,7,0.086960897,0.122404662
676,2020/2/19,9,0.448312893,0.099034748
677,2020/2/19,11,0.703972828,0.096800404
678,2020/2/19,13,0.718412242,0.160572874
679,2020/2/19,15,0.482210075,0.468456485
680,2020/2/19,17,0.116263031,0.090252203
681,2020/2/19,19,0,0
682,2020/2/19,21,0,0
683,2020/2/19,23,0,0
684,2020/2/20,1,0,0
685,2020/2/20,3,0,0
686,2020/2/20,5,0,0
687,2020/2/20,7,0.089051604,0.163105631
688,2020/2/20,9,0.453234029,0.230580868
689,2020/2/20,11,0.709954897,0.664624583
690,2020/2/20,13,0.724269767,0.448381985
691,2020/2/20,15,0.486757792,0.585132224
692,2020/2/20,17,0.119597739,0.478541613
693,2020/2/20,19,0,0
694,2020/2/20,21,0,0
695,2020/2/20,23,0,0
696,2020/2/21,1,0,0
697,2020/2/21,3,0,0
698,2020/2/21,5,0,0
699,2020/2/21,7,0.091175696,0.137150085
700,2020/2/21,9,0.458218411,0.106758859
701,2020/2/21,11,0.715997276,0.056209536
702,2020/2/21,13,0.730160353,0.073445819
703,2020/2/21,15,0.491305126,0.228251448
704,2020/2/21,17,0.122937495,0.355725945
705,2020/2/21,19,0,0
706,2020/2/21,21,0,0
707,2020/2/21,23,0,0
708,2020/2/22,1,0,0
709,2020/2/22,3,0,0
710,2020/2/22,5,0,0
711,2020/2/22,7,0.093332235,0.454141225
712,2020/2/22,9,0.46326401,0.95773629
713,2020/2/22,11,0.722097888,0.986632351
714,2020/2/22,13,0.736081778,0.983095716
715,2020/2/22,15,0.49585024,0.98147839
716,2020/2/22,17,0.126280182,0.769621064
717,2020/2/22,19,0,0
718,2020/2/22,21,0,0
719,2020/2/22,23,0,0
720,2020/2/23,1,0,0
721,2020/2/23,3,0,0
722,2020/2/23,5,0,0
723,2020/2/23,7,0.095520257,0.197101607
724,2020/2/23,9,0.468368756,0.540553436
725,2020/2/23,11,0.728254643,0.522938619
726,2020/2/23,13,0.742031836,0.103263282
727,2020/2/23,15,0.500391357,0.594612738
728,2020/2/23,17,0.129623756,0.341761536
729,2020/2/23,19,0,0
730,2020/2/23,21,0,0
731,2020/2/23,23,0,0
732,2020/2/24,1,0,0
733,2020/2/24,3,0,0
734,2020/2/24,5,0,0
735,2020/2/24,7,0.097738766,0.154543951
736,2020/2/24,9,0.47353053,0.125491499
737,2020/2/24,11,0.734465428,0.071070921
738,2020/2/24,13,0.748008342,0.074895699
739,2020/2/24,15,0.50492676,0.13679911
740,2020/2/24,17,0.132966288,0.367064544
741,2020/2/24,19,0,0
742,2020/2/24,21,0,0
743,2020/2/24,23,0,0
744,2020/2/25,1,0,0
745,2020/2/25,3,0,0
746,2020/2/25,5,0,0
747,2020/2/25,7,0.100980608,0.183496158
748,2020/2/25,9,0.478747161,0.911812815
749,2020/2/25,11,0.740728113,0.965079362
750,2020/2/25,13,0.754009132,0.97956986
751,2020/2/25,15,0.509454794,0.923483574
752,2020/2/25,17,0.13630598,0.971166013
753,2020/2/25,19,0,0
754,2020/2/25,21,0,0
755,2020/2/25,23,0,0
756,2020/2/26,1,0,0
757,2020/2/26,3,0,0
758,2020/2/26,5,0,0
759,2020/2/26,7,0.105071426,0.168795765
760,2020/2/26,9,0.484016433,0.14082084
761,2020/2/26,11,0.747040548,0.395002185
762,2020/2/26,13,0.760032056,0.488527691
763,2020/2/26,15,0.513973858,0.074766262
764,2020/2/26,17,0.139641173,0.282372963
765,2020/2/26,19,0,0
766,2020/2/26,21,0,0
767,2020/2/26,23,0,0
768,2020/2/27,1,0,0
769,2020/2/27,3,0,0
770,2020/2/27,5,0,0
771,2020/2/27,7,0.109238823,0.091880969
772,2020/2/27,9,0.489336085,0.102496987
773,2020/2/27,11,0.753400562,0.039354693
774,2020/2/27,13,0.766074977,0.048525465
775,2020/2/27,15,0.518482401,0.076335703
776,2020/2/27,17,0.142970337,0.177744114
777,2020/2/27,19,0,0
778,2020/2/27,21,0,0
779,2020/2/27,23,0,0
780,2020/2/28,1,0,0
781,2020/2/28,3,0,0
782,2020/2/28,5,0,0
783,2020/2/28,7,0.113483924,0.102953111
784,2020/2/28,9,0.494703818,0.087595499
785,2020/2/28,11,0.759805963,0.092777682
786,2020/2/28,13,0.772135765,0.473319927
787,2020/2/28,15,0.522978912,0.802624893
788,2020/2/28,17,0.146292063,0.909166815
789,2020/2/28,19,0,0
790,2020/2/28,21,0,0
791,2020/2/28,23,0,0
792,2020/2/29,1,0,0
793,2020/2/29,3,0,0
794,2020/2/29,5,0,0
795,2020/2/29,7,0.117805475,0.841346588
796,2020/2/29,9,0.500117299,0.886595567
797,2020/2/29,11,0.766254545,0.928798248
798,2020/2/29,13,0.778212297,0.920513406
799,2020/2/29,15,0.527461915,0.930632082
800,2020/2/29,17,0.149605055,0.977515118
801,2020/2/29,19,0,0
802,2020/2/29,21,0,0
803,2020/2/29,23,0,0
804,2020/3/1,1,0,0
805,2020/3/1,3,0,0
806,2020/3/1,5,0,0
807,2020/3/1,7,0.122200747,0.212404328
808,2020/3/1,9,0.505573458,0.472975437
809,2020/3/1,11,0.772743368,0.441467885
810,2020/3/1,13,0.784303082,0.151866643
811,2020/3/1,15,0.531931481,0.426158426
812,2020/3/1,17,0.152909903,0.631086691
813,2020/3/1,19,0,0
814,2020/3/1,21,0,0
815,2020/3/1,23,0,0
816,2020/3/2,1,0,0
817,2020/3/2,3,0,0
818,2020/3/2,5,0,0
819,2020/3/2,7,0.126664404,0.890128012
820,2020/3/2,9,0.5110705,0.798752857
821,2020/3/2,11,0.779271631,0.5819088
822,2020/3/2,13,0.790404763,0.512828694
823,2020/3/2,15,0.536383192,0.301857521
824,2020/3/2,17,0.156201942,0.347341847
825,2020/3/2,19,0,0
826,2020/3/2,21,0,0
827,2020/3/2,23,0,0
828,2020/3/3,1,0,0
829,2020/3/3,3,0,0
830,2020/3/3,5,0,0
831,2020/3/3,7,0.131195934,0.473955785
832,2020/3/3,9,0.516606984,0.213519753
833,2020/3/3,11,0.78583638,0.32002028
834,2020/3/3,13,0.79651587,0.570141855
835,2020/3/3,15,0.540817195,0.321714325
836,2020/3/3,17,0.159481957,0.413476839
837,2020/3/3,19,0,0
838,2020/3/3,21,0,0
839,2020/3/3,23,0,0
840,2020/3/4,1,0,0
841,2020/3/4,3,0,0
842,2020/3/4,5,0,0
843,2020/3/4,7,0.135789395,0.832926211
844,2020/3/4,9,0.522179651,0.892300221
845,2020/3/4,11,0.792435376,0.929711077
846,2020/3/4,13,0.802634338,0.97365969
847,2020/3/4,15,0.545232189,0.981561647
848,2020/3/4,17,0.162749056,0.972915576
849,2020/3/4,19,0,0
850,2020/3/4,21,0,0
851,2020/3/4,23,0,0
852,2020/3/5,1,0,0
853,2020/3/5,3,0,0
854,2020/3/5,5,0,0
855,2020/3/5,7,0.140440566,0.849703939
856,2020/3/5,9,0.527786063,0.261456376
857,2020/3/5,11,0.799066378,0.162313601
858,2020/3/5,13,0.808758133,0.131700193
859,2020/3/5,15,0.549626935,0.123938717
860,2020/3/5,17,0.16600245,0.441472445
861,2020/3/5,19,0,0
862,2020/3/5,21,0,0
863,2020/3/5,23,0,0
864,2020/3/6,1,0,0
865,2020/3/6,3,0,0
866,2020/3/6,5,0,0
867,2020/3/6,7,0.145145289,0.243071353
868,2020/3/6,9,0.533423764,0.090809098
869,2020/3/6,11,0.805727155,0.05026239
870,2020/3/6,13,0.814885267,0.048293387
871,2020/3/6,15,0.554000267,0.073438557
872,2020/3/6,17,0.169241458,0.211431764
873,2020/3/6,19,0,0
874,2020/3/6,21,0,0
875,2020/3/6,23,0,0
876,2020/3/7,1,0,0
877,2020/3/7,3,0,0
878,2020/3/7,5,0,0
879,2020/3/7,7,0.149899511,0.446748261
880,2020/3/7,9,0.539090281,0.399340647
881,2020/3/7,11,0.81241549,0.063327571
882,2020/3/7,13,0.821013808,0.060964122
883,2020/3/7,15,0.558351115,0.275945647
884,2020/3/7,17,0.172465529,0.789276871
885,2020/3/7,19,0,0
886,2020/3/7,21,0,0
887,2020/3/7,23,0,0
888,2020/3/8,1,0,0
889,2020/3/8,3,0,0
890,2020/3/8,5,0,0
891,2020/3/8,7,0.154699281,0.989462143
892,2020/3/8,9,0.54478311,0.994088912
893,2020/3/8,11,0.819129177,0.996079613
894,2020/3/8,13,0.827141914,0.99745444
895,2020/3/8,15,0.562678547,0.980047232
896,2020/3/8,17,0.175674278,0.920355445
897,2020/3/8,19,0,0
898,2020/3/8,21,0,0
899,2020/3/8,23,0,0
900,2020/3/9,1,0,0
901,2020/3/9,3,0,0
902,2020/3/9,5,0,0
903,2020/3/9,7,0.15954073,0.310655847
904,2020/3/9,9,0.550499697,0.115722249
905,2020/3/9,11,0.825866028,0.073979729
906,2020/3/9,13,0.833267854,0.079428362
907,2020/3/9,15,0.566981801,0.211333466
908,2020/3/9,17,0.178867517,0.688480961
909,2020/3/9,19,0,0
910,2020/3/9,21,0,0
911,2020/3/9,23,0,0
912,2020/3/10,1,0,0
913,2020/3/10,3,0,0
914,2020/3/10,5,0,0
915,2020/3/10,7,0.16442005,0.985434755
916,2020/3/10,9,0.556237422,0.986228502
917,2020/3/10,11,0.83262386,0.983811531
918,2020/3/10,13,0.839390018,0.995039222
919,2020/3/10,15,0.571260293,0.982457922
920,2020/3/10,17,0.18204526,0.676467845
921,2020/3/10,19,0,0
922,2020/3/10,21,0,0
923,2020/3/10,23,0,0
924,2020/3/11,1,0,0
925,2020/3/11,3,0,0
926,2020/3/11,5,0,0
927,2020/3/11,7,0.169333488,0.272577818
928,2020/3/11,9,0.561993612,0.131458543
929,2020/3/11,11,0.839400497,0.39169703
930,2020/3/11,13,0.845506891,0.297146647
931,2020/3/11,15,0.575513584,0.475642671
932,2020/3/11,17,0.185207672,0.547326572
933,2020/3/11,19,0,0
934,2020/3/11,21,0,0
935,2020/3/11,23,0,0
936,2020/3/12,1,0,0
937,2020/3/12,3,0,0
938,2020/3/12,5,0,0
939,2020/3/12,7,0.174277377,0.282798456
940,2020/3/12,9,0.567765562,0.095391679
941,2020/3/12,11,0.846193759,0.058388138
942,2020/3/12,13,0.851617002,0.05828438
943,2020/3/12,15,0.579741297,0.106735173
944,2020/3/12,17,0.18835498,0.337949419
945,2020/3/12,19,0,0
946,2020/3/12,21,0,0
947,2020/3/12,23,0,0
948,2020/3/13,1,0,0
949,2020/3/13,3,0,0
950,2020/3/13,5,0,0
951,2020/3/13,7,0.179248178,0.336628979
952,2020/3/13,9,0.573550582,0.16041605
953,2020/3/13,11,0.853001465,0.22616901
954,2020/3/13,13,0.857718866,0.43671896
955,2020/3/13,15,0.583943028,0.83964141
956,2020/3/13,17,0.191487375,0.357967847
957,2020/3/13,19,0,0
958,2020/3/13,21,0,0
959,2020/3/13,23,0,0
960,2020/3/14,1,0,0
961,2020/3/14,3,0,0
962,2020/3/14,5,0,0
963,2020/3/14,7,0.184242516,0.985324812
964,2020/3/14,9,0.579346029,0.983124231
965,2020/3/14,11,0.859821434,0.986934601
966,2020/3/14,13,0.863810938,0.920737954
967,2020/3/14,15,0.588118286,0.813144848
968,2020/3/14,17,0.194604948,0.73713302
969,2020/3/14,19,0,0
970,2020/3/14,21,0,0
971,2020/3/14,23,0,0
972,2020/3/15,1,0,0
973,2020/3/15,3,0,0
974,2020/3/15,5,0,0
975,2020/3/15,7,0.189257193,0.238776924
976,2020/3/15,9,0.585149325,0.092057262
977,2020/3/15,11,0.866651484,0.103095001
978,2020/3/15,13,0.8698916,0.646544112
979,2020/3/15,15,0.592266469,0.71026131
980,2020/3/15,17,0.197707667,0.665983892
981,2020/3/15,19,0,0
982,2020/3/15,21,0,0
983,2020/3/15,23,0,0
984,2020/3/16,1,0,0
985,2020/3/16,3,0,0
986,2020/3/16,5,0,0
987,2020/3/16,7,0.194289174,0.774732372
988,2020/3/16,9,0.590957959,0.480391582
989,2020/3/16,11,0.873489437,0.272817408
990,2020/3/16,13,0.875959169,0.045157326
991,2020/3/16,15,0.596386889,0.36235806
992,2020/3/16,17,0.200795401,0.617963787
993,2020/3/16,19,0,0
994,2020/3/16,21,0,0
995,2020/3/16,23,0,0
996,2020/3/17,1,0,0
997,2020/3/17,3,0,0
998,2020/3/17,5,0,0
999,2020/3/17,7,0.199335559,0.292820995
1000,2020/3/17,9,0.596769464,0.140175835
1001,2020/3/17,11,0.880333117,0.092511029
1002,2020/3/17,13,0.882011919,0.096831676
1003,2020/3/17,15,0.600478804,0.196085665
1004,2020/3/17,17,0.203867957,0.44603678
1005,2020/3/17,19,0,0
1006,2020/3/17,21,0,0
1007,2020/3/17,23,0,0
1008,2020/3/18,1,0,0
1009,2020/3/18,3,0,0
1010,2020/3/18,5,0,0
1011,2020/3/18,7,0.204393548,0.840332714
1012,2020/3/18,9,0.602581403,0.343544242
1013,2020/3/18,11,0.887180348,0.106797267
1014,2020/3/18,13,0.888048108,0.109198971
1015,2020/3/18,15,0.604541449,0.274158584
1016,2020/3/18,17,0.20692511,0.476763685
1017,2020/3/18,19,0,0
1018,2020/3/18,21,0,0
1019,2020/3/18,23,0,0
1020,2020/3/19,1,0,0
1021,2020/3/19,3,0,0
1022,2020/3/19,5,0,0
1023,2020/3/19,7,0.209460419,0.45215851
1024,2020/3/19,9,0.608391357,0.193596928
1025,2020/3/19,11,0.894028953,0.130112998
1026,2020/3/19,13,0.894065986,0.164928599
1027,2020/3/19,15,0.608574065,0.646121964
1028,2020/3/19,17,0.209966633,0.903885302
1029,2020/3/19,19,0,0
1030,2020/3/19,21,0,0
1031,2020/3/19,23,0,0
1032,2020/3/20,1,0,0
1033,2020/3/20,3,0,0
1034,2020/3/20,5,0,0
1035,2020/3/20,7,0.214533504,0.439708735
1036,2020/3/20,9,0.614196912,0.685832672
1037,2020/3/20,11,0.900876751,0.729542666
1038,2020/3/20,13,0.900063817,0.587514919
1039,2020/3/20,15,0.612575916,0.732164268
1040,2020/3/20,17,0.212992308,0.34153595
1041,2020/3/20,19,0,0
1042,2020/3/20,21,0,0
1043,2020/3/20,23,0,0
1044,2020/3/21,1,0,0
1045,2020/3/21,3,0,0
1046,2020/3/21,5,0,0
1047,2020/3/21,7,0.219610174,0.417128375
1048,2020/3/21,9,0.619995649,0.170600356
1049,2020/3/21,11,0.907721558,0.125350847
1050,2020/3/21,13,0.906039882,0.105922478
1051,2020/3/21,15,0.616546303,0.208815041
1052,2020/3/21,17,0.216001948,0.425392497
1053,2020/3/21,19,0,0
1054,2020/3/21,21,0,0
1055,2020/3/21,23,0,0
1056,2020/3/22,1,0,0
1057,2020/3/22,3,0,0
1058,2020/3/22,5,0,0
1059,2020/3/22,7,0.22468783,0.630927482
1060,2020/3/22,9,0.625785147,0.401573694
1061,2020/3/22,11,0.914561186,0.437829862
1062,2020/3/22,13,0.911992492,0.728864052
1063,2020/3/22,15,0.620484577,0.797914394
1064,2020/3/22,17,0.218995399,0.965104759
1065,2020/3/22,19,0,0
1066,2020/3/22,21,0,0
1067,2020/3/22,23,0,0
1068,2020/3/23,1,0,0
1069,2020/3/23,3,0,0
1070,2020/3/23,5,0,0
1071,2020/3/23,7,0.229763892,0.329447205
1072,2020/3/23,9,0.63156297,0.111483767
1073,2020/3/23,11,0.921393443,0.067736366
1074,2020/3/23,13,0.917919991,0.060506957
1075,2020/3/23,15,0.624390142,0.098143844
1076,2020/3/23,17,0.221972548,0.32210638
1077,2020/3/23,19,0,0
1078,2020/3/23,21,0,0
1079,2020/3/23,23,0,0
1080,2020/3/24,1,0,0
1081,2020/3/24,3,0,0
1082,2020/3/24,5,0,0
1083,2020/3/24,7,0.234835799,0.299818074
1084,2020/3/24,9,0.637326678,0.114262888
1085,2020/3/24,11,0.928216133,0.146760434
1086,2020/3/24,13,0.923820755,0.390995442
1087,2020/3/24,15,0.628262451,0.308919695
1088,2020/3/24,17,0.224933315,0.311338016
1089,2020/3/24,19,0,0
1090,2020/3/24,21,0,0
1091,2020/3/24,23,0,0
1092,2020/3/25,1,0,0
1093,2020/3/25,3,0,0
1094,2020/3/25,5,0,0
1095,2020/3/25,7,0.239901008,0.262427697
1096,2020/3/25,9,0.643073824,0.095455172
1097,2020/3/25,11,0.935027056,0.066319262
1098,2020/3/25,13,0.929693189,0.065297744
1099,2020/3/25,15,0.632101003,0.095634191
1100,2020/3/25,17,0.227877646,0.304098502
1101,2020/3/25,19,0,0
1102,2020/3/25,21,0,0
1103,2020/3/25,23,0,0
1104,2020/3/26,1,0,0
1105,2020/3/26,3,0,0
1106,2020/3/26,5,0,0
1107,2020/3/26,7,0.244957002,0.292381492
1108,2020/3/26,9,0.648801961,0.116072421
1109,2020/3/26,11,0.941824009,0.084940181
1110,2020/3/26,13,0.935535723,0.105223225
1111,2020/3/26,15,0.635905334,0.246032366
1112,2020/3/26,17,0.230805505,0.690455799
1113,2020/3/26,19,0,0
1114,2020/3/26,21,0,0
1115,2020/3/26,23,0,0
1116,2020/3/27,1,0,0
1117,2020/3/27,3,0,0
1118,2020/3/27,5,0,0
1119,2020/3/27,7,0.250001288,0.97738095
1120,2020/3/27,9,0.654508653,0.982696762
1121,2020/3/27,11,0.948604788,0.984072268
1122,2020/3/27,13,0.941346812,0.982438574
1123,2020/3/27,15,0.63967501,0.988083756
1124,2020/3/27,17,0.233716862,0.985789685
1125,2020/3/27,19,0,0
1126,2020/3/27,21,0,0
1127,2020/3/27,23,0,0
1128,2020/3/28,1,0,0
1129,2020/3/28,3,0,0
1130,2020/3/28,5,0,0
1131,2020/3/28,7,0.255031412,0.888825504
1132,2020/3/28,9,0.660191471,0.459234825
1133,2020/3/28,11,0.955367189,0.741772515
1134,2020/3/28,13,0.947124924,0.96611648
1135,2020/3/28,15,0.643409614,0.944941245
1136,2020/3/28,17,0.236611685,0.986117896
1137,2020/3/28,19,0,0
1138,2020/3/28,21,0,0
1139,2020/3/28,23,0,0
1140,2020/3/29,1,0,0
1141,2020/3/29,3,0,0
1142,2020/3/29,5,0,0
1143,2020/3/29,7,0.260044954,0.983010875
1144,2020/3/29,9,0.665848013,0.979128712
1145,2020/3/29,11,0.962109011,0.563468554
1146,2020/3/29,13,0.952868542,0.426029169
1147,2020/3/29,15,0.647108746,0.647594333
1148,2020/3/29,17,0.23948993,0.690648773
1149,2020/3/29,19,0,0
1150,2020/3/29,21,0,0
1151,2020/3/29,23,0,0
1152,2020/3/30,1,0,0
1153,2020/3/30,3,0,0
1154,2020/3/30,5,0,0
1155,2020/3/30,7,0.265039538,0.961042556
1156,2020/3/30,9,0.671475893,0.969278296
1157,2020/3/30,11,0.968828057,0.967910304
1158,2020/3/30,13,0.958576165,0.961296224
1159,2020/3/30,15,0.650772024,0.932608938
1160,2020/3/30,17,0.24235155,0.912888143
1161,2020/3/30,19,0,0
1162,2020/3/30,21,0,0
1163,2020/3/30,23,0,0
1164,2020/3/31,1,0,0
1165,2020/3/31,3,0,0
1166,2020/3/31,5,0,0
1167,2020/3/31,7,0.270012825,0.964099564
1168,2020/3/31,9,0.677072752,0.934394898
1169,2020/3/31,11,0.975522136,0.982629461
1170,2020/3/31,13,0.964246321,0.983426707
1171,2020/3/31,15,0.654399093,0.896499607
1172,2020/3/31,17,0.245196499,0.790891856
1173,2020/3/31,19,0,0
1174,2020/3/31,21,0,0
1175,2020/3/31,23,0,0
1176,2020/4/1,1,0,0
1177,2020/4/1,3,0,0
1178,2020/4/1,5,0,0
1179,2020/4/1,7,0.274962504,0.90405151
1180,2020/4/1,9,0.682635174,0.818010617
1181,2020/4/1,11,0.982187993,0.949139085
1182,2020/4/1,13,0.969878784,0.971688009
1183,2020/4/1,15,0.657991962,0.99288469
1184,2020/4/1,17,0.248027302,0.982430814
1185,2020/4/1,19,0,0
1186,2020/4/1,21,0,0
1187,2020/4/1,23,0,0
1188,2020/4/2,1,0,0
1189,2020/4/2,3,0,0
1190,2020/4/2,5,0,0
1191,2020/4/2,7,0.27988374,0.347102066
1192,2020/4/2,9,0.688161758,0.337957111
1193,2020/4/2,11,0.988825604,0.174784755
1194,2020/4/2,13,0.97546977,0.346927908
1195,2020/4/2,15,0.661545754,0.162576768
1196,2020/4/2,17,0.250838878,0.488339458
1197,2020/4/2,19,0,0
1198,2020/4/2,21,0,0
1199,2020/4/2,23,0,0
1200,2020/4/3,1,0,0
1201,2020/4/3,3,0,0
1202,2020/4/3,5,0,0
1203,2020/4/3,7,0.284779348,0.429650521
1204,2020/4/3,9,0.693651528,0.344320727
1205,2020/4/3,11,0.995431737,0.31820733
1206,2020/4/3,13,0.981019159,0.213264402
1207,2020/4/3,15,0.665062607,0.400104383
1208,2020/4/3,17,0.253633839,0.703881653
1209,2020/4/3,19,0,0
1210,2020/4/3,21,0,0
1211,2020/4/3,23,0,0
1212,2020/4/4,1,0,0
1213,2020/4/4,3,0,0
1214,2020/4/4,5,0,0
1215,2020/4/4,7,0.289644499,0.432250799
1216,2020/4/4,9,0.699100939,0.216185907
1217,2020/4/4,11,1.002004241,0.149927209
1218,2020/4/4,13,0.986525728,0.130582495
1219,2020/4/4,15,0.66854246,0.204770717
1220,2020/4/4,17,0.256412341,0.4448242
1221,2020/4/4,19,0,0
1222,2020/4/4,21,0,0
1223,2020/4/4,23,0,0
1224,2020/4/5,1,0,0
1225,2020/4/5,3,0,0
1226,2020/4/5,5,0,0
1227,2020/4/5,7,0.294476879,0.510003629
1228,2020/4/5,9,0.704507625,0.11217232
1229,2020/4/5,11,1.00854097,0.069146585
1230,2020/4/5,13,0.991988372,0.079248311
1231,2020/4/5,15,0.671985402,0.109216366
1232,2020/4/5,17,0.259174668,0.370018796
1233,2020/4/5,19,0,0
1234,2020/4/5,21,0,0
1235,2020/4/5,23,0,0
1236,2020/4/6,1,0,0
1237,2020/4/6,3,0,0
1238,2020/4/6,5,0,0
1239,2020/4/6,7,0.299274115,0.289208246
1240,2020/4/6,9,0.709869171,0.133534533
1241,2020/4/6,11,1.015039785,0.088804857
1242,2020/4/6,13,0.997406141,0.085615027
1243,2020/4/6,15,0.675391706,0.124155484
1244,2020/4/6,17,0.261921266,0.316438718
1245,2020/4/6,19,0,0
1246,2020/4/6,21,0,0
1247,2020/4/6,23,0,0
1248,2020/4/7,1,0,0
1249,2020/4/7,3,0,0
1250,2020/4/7,5,0,0
1251,2020/4/7,7,0.304033779,0.326149708
1252,2020/4/7,9,0.715183109,0.207720265
1253,2020/4/7,11,1.021498558,0.09960272
1254,2020/4/7,13,1.002778244,0.421512136
1255,2020/4/7,15,0.678761832,0.106026837
1256,2020/4/7,17,0.264652741,0.29247129
1257,2020/4/7,19,0,0
1258,2020/4/7,21,0,0
1259,2020/4/7,23,0,0
1260,2020/4/8,1,0,0
1261,2020/4/8,3,0,0
1262,2020/4/8,5,0,0
1263,2020/4/8,7,0.308753402,0.392498442
1264,2020/4/8,9,0.720446945,0.21743675
1265,2020/4/8,11,1.027915174,0.182807869
1266,2020/4/8,13,1.008104026,0.193778855
1267,2020/4/8,15,0.682096379,0.348849611
1268,2020/4/8,17,0.2673698,0.487343871
1269,2020/4/8,19,0,0
1270,2020/4/8,21,0,0
1271,2020/4/8,23,0,0
1272,2020/4/9,1,0,0
1273,2020/4/9,3,0,0
1274,2020/4/9,5,0.000993865,7.80E-07
1275,2020/4/9,7,0.313430535,0.325899133
1276,2020/4/9,9,0.725658202,0.138660015
1277,2020/4/9,11,1.034287538,0.092252664
1278,2020/4/9,13,1.013382904,0.093452061
1279,2020/4/9,15,0.685395996,0.168195915
1280,2020/4/9,17,0.270073162,0.402023841
1281,2020/4/9,19,0,0
1282,2020/4/9,21,0,0
1283,2020/4/9,23,0,0
1284,2020/4/10,1,0,0
1285,2020/4/10,3,0,0
1286,2020/4/10,5,0.002983523,6.41E-08
1287,2020/4/10,7,0.318062807,0.46298645
1288,2020/4/10,9,0.730814467,0.125809832
1289,2020/4/10,11,1.04061358,0.078376537
1290,2020/4/10,13,1.018614303,0.069396525
1291,2020/4/10,15,0.688661289,0.105735782
1292,2020/4/10,17,0.272763459,0.267731403
1293,2020/4/10,19,0,0
1294,2020/4/10,21,0,0
1295,2020/4/10,23,0,0
1296,2020/4/11,1,0,0
1297,2020/4/11,3,0,0
1298,2020/4/11,5,0.004985029,2.00E-08
1299,2020/4/11,7,0.322647964,0.259756094
1300,2020/4/11,9,0.735913429,0.14360823
1301,2020/4/11,11,1.046891247,0.098897488
1302,2020/4/11,13,1.023797596,0.129006435
1303,2020/4/11,15,0.691892754,0.241050766
1304,2020/4/11,17,0.275441178,0.5397346
1305,2020/4/11,19,0,0
1306,2020/4/11,21,0,0
1307,2020/4/11,23,0,0
1308,2020/4/12,1,0,0
1309,2020/4/12,3,0,0
1310,2020/4/12,5,0.006998877,0.349977356
1311,2020/4/12,7,0.327183885,0.747113774
1312,2020/4/12,9,0.740952884,0.69944234
1313,2020/4/12,11,1.053118502,0.879002551
1314,2020/4/12,13,1.02893209,0.938152169
1315,2020/4/12,15,0.695090768,0.973516933
1316,2020/4/12,17,0.278106652,0.980228716
1317,2020/4/12,19,0,0
1318,2020/4/12,21,0,0
1319,2020/4/12,23,0,0
1320,2020/4/13,1,0,0
1321,2020/4/13,3,0,0
1322,2020/4/13,5,0,0
1323,2020/4/13,7,0.331668557,0.98659016
1324,2020/4/13,9,0.745930718,0.95488718
1325,2020/4/13,11,1.059293308,0.969121058
1326,2020/4/13,13,1.034017036,0.967700196
1327,2020/4/13,15,0.69825561,0.974637627
1328,2020/4/13,17,0.280760091,0.941729824
1329,2020/4/13,19,0,0
1330,2020/4/13,21,0,0
1331,2020/4/13,23,0,0
1332,2020/4/14,1,0,0
1333,2020/4/14,3,0,0
1334,2020/4/14,5,0.01105299,0.081058299
1335,2020/4/14,7,0.336100056,0.229408188
1336,2020/4/14,9,0.750844889,0.099323024
1337,2020/4/14,11,1.065413635,0.090786792
1338,2020/4/14,13,1.039051658,0.088561659
1339,2020/4/14,15,0.701387499,0.120117049
1340,2020/4/14,17,0.283401618,0.25595183
1341,2020/4/14,19,0,0
1342,2020/4/14,21,0,0
1343,2020/4/14,23,0,0
1344,2020/4/15,1,0,0
1345,2020/4/15,3,0,0
1346,2020/4/15,5,0.013085564,0.153285877
1347,2020/4/15,7,0.340476518,0.417830951
1348,2020/4/15,9,0.755693405,0.169334632
1349,2020/4/15,11,1.071477448,0.291946863
1350,2020/4/15,13,1.044035169,0.389536091
1351,2020/4/15,15,0.704486624,0.336759818
1352,2020/4/15,17,0.286031302,0.508073448
1353,2020/4/15,19,0,0
1354,2020/4/15,21,0,0
1355,2020/4/15,23,0,0
1356,2020/4/16,1,0,0
1357,2020/4/16,3,0,0
1358,2020/4/16,5,0.015116401,0.318701082
1359,2020/4/16,7,0.344796131,0.747138064
1360,2020/4/16,9,0.760474325,0.481954827
1361,2020/4/16,11,1.077482717,0.433900041
1362,2020/4/16,13,1.048966796,0.24768811
1363,2020/4/16,15,0.707553158,0.34370185
1364,2020/4/16,17,0.28864917,0.43914165
1365,2020/4/16,19,0,0
1366,2020/4/16,21,0,0
1367,2020/4/16,23,0,0
1368,2020/4/17,1,0,0
1369,2020/4/17,3,0,0
1370,2020/4/17,5,0.017141667,0.390650838
1371,2020/4/17,7,0.349057132,0.587141901
1372,2020/4/17,9,0.765185752,0.660904469
1373,2020/4/17,11,1.083427418,0.581491625
1374,2020/4/17,13,1.053845779,0.73779114
1375,2020/4/17,15,0.710587273,0.860708711
1376,2020/4/17,17,0.291255221,0.986313519
1377,2020/4/17,19,0,0
1378,2020/4/17,21,0,0
1379,2020/4/17,23,0,0
1380,2020/4/18,1,0,0
1381,2020/4/18,3,0,0
1382,2020/4/18,5,0,0
1383,2020/4/18,7,0.353257806,0.991230993
1384,2020/4/18,9,0.769825835,0.966096824
1385,2020/4/18,11,1.089309532,0.973166412
1386,2020/4/18,13,1.058671383,0.89711636
1387,2020/4/18,15,0.713589138,0.906185851
1388,2020/4/18,17,0.29384943,0.697172476
1389,2020/4/18,19,0,0
1390,2020/4/18,21,0,0
1391,2020/4/18,23,0,0
1392,2020/4/19,1,0,0
1393,2020/4/19,3,0,0
1394,2020/4/19,5,0.02116174,0.447901341
1395,2020/4/19,7,0.357396478,0.735244162
1396,2020/4/19,9,0.774392771,0.272625681
1397,2020/4/19,11,1.095127052,0.343986412
1398,2020/4/19,13,1.063442898,0.164879855
1399,2020/4/19,15,0.716558929,0.425581796
1400,2020/4/19,17,0.296431747,0.543583815
1401,2020/4/19,19,0,0
1402,2020/4/19,21,0,0
1403,2020/4/19,23,0,0
1404,2020/4/20,1,0,0
1405,2020/4/20,3,0,0
1406,2020/4/20,5,0,0
1407,2020/4/20,7,0.361471523,0.985678613
1408,2020/4/20,9,0.778884803,0.974291045
1409,2020/4/20,11,1.100877979,0.982468359
1410,2020/4/20,13,1.068159645,0.91971606
1411,2020/4/20,15,0.719496826,0.935637236
1412,2020/4/20,17,0.299002107,0.972152406
1413,2020/4/20,19,0,0
1414,2020/4/20,21,0,0
1415,2020/4/20,23,0,0
1416,2020/4/21,1,0,0
1417,2020/4/21,3,0,0
1418,2020/4/21,5,0.025121553,0.331678348
1419,2020/4/21,7,0.365481361,0.471854202
1420,2020/4/21,9,0.783300227,0.765745622
1421,2020/4/21,11,1.10656033,0.95535046
1422,2020/4/21,13,1.07282097,0.778515246
1423,2020/4/21,15,0.722403008,0.788368384
1424,2020/4/21,17,0.301560417,0.725421144
1425,2020/4/21,19,0,0
1426,2020/4/21,21,0,0
1427,2020/4/21,23,0,0
1428,2020/4/22,1,0,0
1429,2020/4/22,3,0,0
1430,2020/4/22,5,0.027072598,0.480252775
1431,2020/4/22,7,0.369424469,0.649544178
1432,2020/4/22,9,0.7876374,0.086144892
1433,2020/4/22,11,1.11217214,0.204857885
1434,2020/4/22,13,1.077426243,0.381679877
1435,2020/4/22,15,0.725277648,0.496002359
1436,2020/4/22,17,0.304106552,0.353011622
1437,2020/4/22,19,0,0
1438,2020/4/22,21,0,0
1439,2020/4/22,23,0,0
1440,2020/4/23,1,0,0
1441,2020/4/23,3,0,0
1442,2020/4/23,5,0.029001568,0.257988085
1443,2020/4/23,7,0.373299383,0.32887501
1444,2020/4/23,9,0.791894744,0.368016155
1445,2020/4/23,11,1.117711462,0.629465382
1446,2020/4/23,13,1.081974852,0.541980403
1447,2020/4/23,15,0.728120907,0.348789359
1448,2020/4/23,17,0.306640353,0.584392005
1449,2020/4/23,19,0,0
1450,2020/4/23,21,0,0
1451,2020/4/23,23,0,0
1452,2020/4/24,1,0,0
1453,2020/4/24,3,0,0
1454,2020/4/24,5,0.030906605,0.226597558
1455,2020/4/24,7,0.377104706,0.276247937
1456,2020/4/24,9,0.796070756,0.222178407
1457,2020/4/24,11,1.123176375,0.648591387
1458,2020/4/24,13,1.086466195,0.49908799
1459,2020/4/24,15,0.730932918,0.579491941
1460,2020/4/24,17,0.309161609,0.964279256
1461,2020/4/24,19,0.00101358,7.46E-07
1462,2020/4/24,21,0,0
1463,2020/4/24,23,0,0
1464,2020/4/25,1,0,0
1465,2020/4/25,3,0,0
1466,2020/4/25,5,0.032786039,0.273337012
1467,2020/4/25,7,0.380839122,0.292045381
1468,2020/4/25,9,0.800164019,0.148801377
1469,2020/4/25,11,1.128564985,0.11412713
1470,2020/4/25,13,1.090899674,0.130671931
1471,2020/4/25,15,0.733713779,0.156910478
1472,2020/4/25,17,0.31167005,0.341668881
1473,2020/4/25,19,0.00218627,1.30E-07
1474,2020/4/25,21,0,0
1475,2020/4/25,23,0,0
1476,2020/4/26,1,0,0
1477,2020/4/26,3,0,0
1478,2020/4/26,5,0.034638367,0.267831152
1479,2020/4/26,7,0.384501399,0.396364126
1480,2020/4/26,9,0.804173205,0.266465682
1481,2020/4/26,11,1.133875431,0.429726497
1482,2020/4/26,13,1.095274685,0.841822054
1483,2020/4/26,15,0.736463543,0.912973274
1484,2020/4/26,17,0.314165339,0.835854434
1485,2020/4/26,19,0.003364876,0.340123775
1486,2020/4/26,21,0,0
1487,2020/4/26,23,0,0
1488,2020/4/27,1,0,0
1489,2020/4/27,3,0,0
1490,2020/4/27,5,0.036462232,0.405020178
1491,2020/4/27,7,0.388090388,0.449932216
1492,2020/4/27,9,0.808097086,0.237923228
1493,2020/4/27,11,1.139105886,0.160156134
1494,2020/4/27,13,1.099590621,0.132946109
1495,2020/4/27,15,0.739182219,0.146404732
1496,2020/4/27,17,0.316647078,0.274350196
1497,2020/4/27,19,0.00454993,2.46E-08
1498,2020/4/27,21,0,0
1499,2020/4/27,23,0,0
1500,2020/4/28,1,0,0
1501,2020/4/28,3,0,0
1502,2020/4/28,5,0.038256409,0.236353012
1503,2020/4/28,7,0.391605022,0.486424117
1504,2020/4/28,9,0.811934519,0.180177955
1505,2020/4/28,11,1.144254556,0.269558038
1506,2020/4/28,13,1.10384688,0.179867045
1507,2020/4/28,15,0.741869789,0.134649699
1508,2020/4/28,17,0.319114823,0.296299245
1509,2020/4/28,19,0.005741369,1.45E-08
1510,2020/4/28,21,0,0
1511,2020/4/28,23,0,0
1512,2020/4/29,1,0,0
1513,2020/4/29,3,0,0
1514,2020/4/29,5,0.040019777,0.273307352
1515,2020/4/29,7,0.395044297,0.343647405
1516,2020/4/29,9,0.815684437,0.183026184
1517,2020/4/29,11,1.149319679,0.155922679
1518,2020/4/29,13,1.108042883,0.170363332
1519,2020/4/29,15,0.74452623,0.244390782
1520,2020/4/29,17,0.32156811,0.432702096
1521,2020/4/29,19,0.006938721,0.03603093
1522,2020/4/29,21,0,0
1523,2020/4/29,23,0,0
1524,2020/4/30,1,0,0
1525,2020/4/30,3,0,0
1526,2020/4/30,5,0.041751303,0.306058081
1527,2020/4/30,7,0.398407253,0.367701525
1528,2020/4/30,9,0.819345835,0.213395431
1529,2020/4/30,11,1.154299526,0.182449303
1530,2020/4/30,13,1.112178097,0.180218855
1531,2020/4/30,15,0.747151538,0.2112045
1532,2020/4/30,17,0.324006482,0.390141922
1533,2020/4/30,19,0.008141248,0.092947396
1534,2020/4/30,21,0,0
1535,2020/4/30,23,0,0
1536,2020/5/1,1,0,0
1537,2020/5/1,3,0,0
1538,2020/5/1,5,0.04345002,0.384512776
1539,2020/5/1,7,0.401692952,0.616830136
1540,2020/5/1,9,0.822917744,0.374920708
1541,2020/5/1,11,1.159192389,0.205876054
1542,2020/5/1,13,1.116252056,0.539709553
1543,2020/5/1,15,0.749745764,0.39415457
1544,2020/5/1,17,0.326429521,0.443715706
1545,2020/5/1,19,0.009348059,0.152101944
1546,2020/5/1,21,0,0
1547,2020/5/1,23,0,0
1548,2020/5/2,1,0,0
1549,2020/5/2,3,0,0
1550,2020/5/2,5,0.045115007,0.327803638
1551,2020/5/2,7,0.404900453,0.427414202
1552,2020/5/2,9,0.826399213,0.26554857
1553,2020/5/2,11,1.163996579,0.209612246
1554,2020/5/2,13,1.120264388,0.206913264
1555,2020/5/2,15,0.752309044,0.405776847
1556,2020/5/2,17,0.328836887,0.484889207
1557,2020/5/2,19,0.010558192,0.279137865
1558,2020/5/2,21,0,0
1559,2020/5/2,23,0,0
1560,2020/5/3,1,0,0
1561,2020/5/3,3,0,0
1562,2020/5/3,5,0.046745371,0.235350663
1563,2020/5/3,7,0.408028785,0.451062503
1564,2020/5/3,9,0.829789278,0.389131365
1565,2020/5/3,11,1.168710424,0.803151387
1566,2020/5/3,13,1.12421485,0.771179338
1567,2020/5/3,15,0.754841641,0.914619315
1568,2020/5/3,17,0.331228353,0.923792163
1569,2020/5/3,19,0.01177069,0.430093845
1570,2020/5/3,21,0,0
1571,2020/5/3,23,0,0
1572,2020/5/4,1,0,0
1573,2020/5/4,3,0,0
1574,2020/5/4,5,0.048340229,0.492050167
1575,2020/5/4,7,0.411076927,0.907161713
1576,2020/5/4,9,0.833086952,0.724544433
1577,2020/5/4,11,1.173332261,0.740873073
1578,2020/5/4,13,1.128103355,0.643654805
1579,2020/5/4,15,0.757343966,0.63682665
1580,2020/5/4,17,0.333603832,0.34513183
1581,2020/5/4,19,0.012984637,0.149928852
1582,2020/5/4,21,0,0
1583,2020/5/4,23,0,0
1584,2020/5/5,1,0,0
1585,2020/5/5,3,0,0
1586,2020/5/5,5,0.049898708,0.394695798
1587,2020/5/5,7,0.414043815,0.407766266
1588,2020/5/5,9,0.836291228,0.217233299
1589,2020/5/5,11,1.177860456,0.208363557
1590,2020/5/5,13,1.13192997,0.177769933
1591,2020/5/5,15,0.759816577,0.280258754
1592,2020/5/5,17,0.335963361,0.583852877
1593,2020/5/5,19,0.014199186,0.301707119
1594,2020/5/5,21,0,0
1595,2020/5/5,23,0,0
1596,2020/5/6,1,0,0
1597,2020/5/6,3,0,0
1598,2020/5/6,5,0.051419959,0.480428868
1599,2020/5/6,7,0.41692838,0.989677078
1600,2020/5/6,9,0.839401121,0.975912841
1601,2020/5/6,11,1.182293416,0.98607445
1602,2020/5/6,13,1.135694886,0.987048212
1603,2020/5/6,15,0.762260117,0.995737116
1604,2020/5/6,17,0.338307051,0.966102403
1605,2020/5/6,19,0.015413541,0.415673783
1606,2020/5/6,21,0,0
1607,2020/5/6,23,0,0
1608,2020/5/7,1,0,0
1609,2020/5/7,3,0,0
1610,2020/5/7,5,0.052903177,0.202273661
1611,2020/5/7,7,0.419729605,0.222854185
1612,2020/5/7,9,0.842415717,0.116087824
1613,2020/5/7,11,1.186629608,0.09418219
1614,2020/5/7,13,1.139398351,0.087655618
1615,2020/5/7,15,0.764675234,0.125071462
1616,2020/5/7,17,0.340634995,0.276998458
1617,2020/5/7,19,0.016626931,0.295738831
1618,2020/5/7,21,0,0
1619,2020/5/7,23,0,0
1620,2020/5/8,1,0,0
1621,2020/5/8,3,0,0
1622,2020/5/8,5,0.05434763,0.317792185
1623,2020/5/8,7,0.422446585,0.58771216
1624,2020/5/8,9,0.845334232,0.351480196
1625,2020/5/8,11,1.190867574,0.626506975
1626,2020/5/8,13,1.143040596,0.485373182
1627,2020/5/8,15,0.767062495,0.30482913
1628,2020/5/8,17,0.342947189,0.387768582
1629,2020/5/8,19,0.017838578,0.271047035
1630,2020/5/8,21,0,0
1631,2020/5/8,23,0,0
1632,2020/5/9,1,0,0
1633,2020/5/9,3,0,0
1634,2020/5/9,5,0.055752665,0.460916733
1635,2020/5/9,7,0.425078558,0.889161427
1636,2020/5/9,9,0.848156036,0.95759595
1637,2020/5/9,11,1.195005927,0.939621094
1638,2020/5/9,13,1.146621788,0.94473655
1639,2020/5/9,15,0.769422336,0.969557321
1640,2020/5/9,17,0.345243489,0.973609975
1641,2020/5/9,19,0.019047676,0.48756303
1642,2020/5/9,21,0,0
1643,2020/5/9,23,0,0
1644,2020/5/10,1,0,0
1645,2020/5/10,3,0,0
1646,2020/5/10,5,0.057117714,0.493925966
1647,2020/5/10,7,0.4276249,0.968909594
1648,2020/5/10,9,0.850880648,0.948018875
1649,2020/5/10,11,1.199043337,0.977154153
1650,2020/5/10,13,1.150142007,0.990380911
1651,2020/5/10,15,0.771755055,0.988433349
1652,2020/5/10,17,0.347523604,0.982083737
1653,2020/5/10,19,0.020253393,0.488660391
1654,2020/5/10,21,0,0
1655,2020/5/10,23,0,0
1656,2020/5/11,1,0,0
1657,2020/5/11,3,0,0
1658,2020/5/11,5,0.058442268,0.257079307
1659,2020/5/11,7,0.4300851,0.232272623
1660,2020/5/11,9,0.853507712,0.097418343
1661,2020/5/11,11,1.202978523,0.11713943
1662,2020/5/11,13,1.15360126,0.109670755
1663,2020/5/11,15,0.774060835,0.149824024
1664,2020/5/11,17,0.349787133,0.259871463
1665,2020/5/11,19,0.021454882,0.212320642
1666,2020/5/11,21,0,0
1667,2020/5/11,23,0,0
1668,2020/5/12,1,0,0
1669,2020/5/12,3,0,0
1670,2020/5/12,5,0.059725871,0.251325582
1671,2020/5/12,7,0.432458731,0.276189769
1672,2020/5/12,9,0.856036965,0.38038993
1673,2020/5/12,11,1.206810239,0.417362558
1674,2020/5/12,13,1.156999511,0.372467893
1675,2020/5/12,15,0.776339784,0.497167634
1676,2020/5/12,17,0.352033594,0.613658262
1677,2020/5/12,19,0.022651292,0.160544936
1678,2020/5/12,21,0,0
1679,2020/5/12,23,0,0
1680,2020/5/13,1,0,0
1681,2020/5/13,3,0,0
1682,2020/5/13,5,0.060968106,0.371718846
1683,2020/5/13,7,0.434745431,0.475770385
1684,2020/5/13,9,0.858468231,0.357579262
1685,2020/5/13,11,1.210537283,0.338436505
1686,2020/5/13,13,1.160336692,0.228118704
1687,2020/5/13,15,0.778591953,0.151109577
1688,2020/5/13,17,0.354262449,0.260989679
1689,2020/5/13,19,0.023841783,0.182534711
1690,2020/5/13,21,0,0
1691,2020/5/13,23,0,0
1692,2020/5/14,1,0,0
1693,2020/5/14,3,0,0
1694,2020/5/14,5,0.062168591,0.239714044
1695,2020/5/14,7,0.436944902,0.257484747
1696,2020/5/14,9,0.860801415,0.155035781
1697,2020/5/14,11,1.214158505,0.12301555
1698,2020/5/14,13,1.16361272,0.428100788
1699,2020/5/14,15,0.780817347,0.370243386
1700,2020/5/14,17,0.356473112,0.395407299
1701,2020/5/14,19,0.02502552,0.235461368
1702,2020/5/14,21,0,0
1703,2020/5/14,23,0,0
1704,2020/5/15,1,0,0
1705,2020/5/15,3,0,0
1706,2020/5/15,5,0.063326986,0.322380301
1707,2020/5/15,7,0.439056916,0.622436255
1708,2020/5/15,9,0.86303651,0.307279341
1709,2020/5/15,11,1.217672811,0.772604739
1710,2020/5/15,13,1.166827495,0.859059333
1711,2020/5/15,15,0.783015924,0.945967913
1712,2020/5/15,17,0.35866495,0.949459156
1713,2020/5/15,19,0.026201679,0.492318826
1714,2020/5/15,21,0,0
1715,2020/5/15,23,0,0
1716,2020/5/16,1,0,0
1717,2020/5/16,3,0,0
1718,2020/5/16,5,0.064442987,0.491098365
1719,2020/5/16,7,0.441081315,0.981969116
1720,2020/5/16,9,0.865173599,0.983610908
1721,2020/5/16,11,1.221079174,0.983315511
1722,2020/5/16,13,1.169980897,0.987237232
1723,2020/5/16,15,0.785187593,0.97730492
1724,2020/5/16,17,0.360837283,0.972527533
1725,2020/5/16,19,0.027369438,0.480582486
1726,2020/5/16,21,0,0
1727,2020/5/16,23,0,0
1728,2020/5/17,1,0,0
1729,2020/5/17,3,0,0
1730,2020/5/17,5,0.065516333,0.27221751
1731,2020/5/17,7,0.443018014,0.332025886
1732,2020/5/17,9,0.867212858,0.284348127
1733,2020/5/17,11,1.224376636,0.16799399
1734,2020/5/17,13,1.173072787,0.159034623
1735,2020/5/17,15,0.787332215,0.199559859
1736,2020/5/17,17,0.362989385,0.358878738
1737,2020/5/17,19,0.028527983,0.335092081
1738,2020/5/17,21,0,0
1739,2020/5/17,23,0,0
1740,2020/5/18,1,0,0
1741,2020/5/18,3,0,0
1742,2020/5/18,5,0.066546801,0.347137131
1743,2020/5/18,7,0.444867005,0.528474005
1744,2020/5/18,9,0.869154558,0.454919989
1745,2020/5/18,11,1.227564316,0.846617951
1746,2020/5/18,13,1.176103001,0.898925914
1747,2020/5/18,15,0.789449598,0.889720902
1748,2020/5/18,17,0.365120479,0.966077589
1749,2020/5/18,19,0.029676499,0.482867702
1750,2020/5/18,21,0,0
1751,2020/5/18,23,0,0
1752,2020/5/19,1,0,0
1753,2020/5/19,3,0,0
1754,2020/5/19,5,0.067534211,0.491764808
1755,2020/5/19,7,0.446628357,0.965487257
1756,2020/5/19,9,0.870999063,0.851432935
1757,2020/5/19,11,1.230641409,0.773721256
1758,2020/5/19,13,1.179071345,0.727801069
1759,2020/5/19,15,0.791539493,0.287223341
1760,2020/5/19,17,0.367229737,0.72334951
1761,2020/5/19,19,0.030814169,0.483839139
1762,2020/5/19,21,0,0
1763,2020/5/19,23,0,0
1764,2020/5/20,1,0,0
1765,2020/5/20,3,0,0
1766,2020/5/20,5,0.068478424,0.263959255
1767,2020/5/20,7,0.448302222,0.311248463
1768,2020/5/20,9,0.872746843,0.24494451
1769,2020/5/20,11,1.233607198,0.393447663
1770,2020/5/20,13,1.181977592,0.89944
1771,2020/5/20,15,0.793601588,0.644698659
1772,2020/5/20,17,0.369316274,0.803203389
1773,2020/5/20,19,0.031940174,0.472476023
1774,2020/5/20,21,0,0
1775,2020/5/20,23,0,0
1776,2020/5/21,1,0,0
1777,2020/5/21,3,0,0
1778,2020/5/21,5,0.069379348,0.431316798
1779,2020/5/21,7,0.449888841,0.920676597
1780,2020/5/21,9,0.87439847,0.711929809
1781,2020/5/21,11,1.236461058,0.805124233
1782,2020/5/21,13,1.184821471,0.867700301
1783,2020/5/21,15,0.795635504,0.618886731
1784,2020/5/21,17,0.371379144,0.619728425
1785,2020/5/21,19,0.033053682,0.251524781
1786,2020/5/21,21,0,0
1787,2020/5/21,23,0,0
1788,2020/5/22,1,0,0
1789,2020/5/22,3,0,0
1790,2020/5/22,5,0.070236938,0.273155499
1791,2020/5/22,7,0.451388552,0.342207785
1792,2020/5/22,9,0.87595463,0.315337558
1793,2020/5/22,11,1.239202462,0.276341043
1794,2020/5/22,13,1.187602659,0.351669226
1795,2020/5/22,15,0.797640778,0.609031789
1796,2020/5/22,17,0.373417327,0.739216329
1797,2020/5/22,19,0.03415385,0.413628596
1798,2020/5/22,21,0,0
1799,2020/5/22,23,0,0
1800,2020/5/23,1,0,0
1801,2020/5/23,3,0,0
1802,2020/5/23,5,0.071051203,0.43405476
1803,2020/5/23,7,0.452801795,0.854604886
1804,2020/5/23,9,0.877416129,0.67884132
1805,2020/5/23,11,1.241830988,0.717278341
1806,2020/5/23,13,1.190320768,0.549713897
1807,2020/5/23,15,0.799616857,0.317362303
1808,2020/5/23,17,0.375429719,0.386371765
1809,2020/5/23,19,0.035239812,0.296211573
1810,2020/5/23,21,0,0
1811,2020/5/23,23,0,0
1812,2020/5/24,1,0,0
1813,2020/5/24,3,0,0
1814,2020/5/24,5,0.071822205,0.393532412
1815,2020/5/24,7,0.45412912,0.283179663
1816,2020/5/24,9,0.878783898,0.451909016
1817,2020/5/24,11,1.244346327,0.880095077
1818,2020/5/24,13,1.192975334,0.422642232
1819,2020/5/24,15,0.801563085,0.225167454
1820,2020/5/24,17,0.37741513,0.410848567
1821,2020/5/24,19,0.036310676,0.326373323
1822,2020/5/24,21,0,0
1823,2020/5/24,23,0,0
1824,2020/5/25,1,0,0
1825,2020/5/25,3,0,0
1826,2020/5/25,5,0.072550062,0.420836065
1827,2020/5/25,7,0.455371188,0.667480923
1828,2020/5/25,9,0.88005899,0.335717394
1829,2020/5/25,11,1.246748278,0.630362376
1830,2020/5/25,13,1.195565816,0.813283599
1831,2020/5/25,15,0.803478709,0.742793901
1832,2020/5/25,17,0.379372282,0.845637092
1833,2020/5/25,19,0.03736553,0.408626885
1834,2020/5/25,21,0,0
1835,2020/5/25,23,0,0
1836,2020/5/26,1,0,0
1837,2020/5/26,3,0,0
1838,2020/5/26,5,0.073234939,0.475310604
1839,2020/5/26,7,0.456528754,0.940546484
1840,2020/5/26,9,0.881242562,0.833442528
1841,2020/5/26,11,1.249036747,0.813604237
1842,2020/5/26,13,1.198091608,0.927895398
1843,2020/5/26,15,0.805362895,0.97104017
1844,2020/5/26,17,0.381299836,0.962479892
1845,2020/5/26,19,0.038403446,0.495731029
1846,2020/5/26,21,0,0
1847,2020/5/26,23,0,0
1848,2020/5/27,1,0,0
1849,2020/5/27,3,0,0
1850,2020/5/27,5,0.073877037,0.445397812
1851,2020/5/27,7,0.457602638,0.525677885
1852,2020/5/27,9,0.882335848,0.542500567
1853,2020/5/27,11,1.251211731,0.543427937
1854,2020/5/27,13,1.200552058,0.560207176
1855,2020/5/27,15,0.807214762,0.218119389
1856,2020/5/27,17,0.383196421,0.437672546
1857,2020/5/27,19,0.0394235,0.327978966
1858,2020/5/27,21,0,0
1859,2020/5/27,23,0,0
1860,2020/5/28,1,0,0
1861,2020/5/28,3,0,0
1862,2020/5/28,5,0.074476576,0.408309616
1863,2020/5/28,7,0.458593696,0.587469635
1864,2020/5/28,9,0.883340123,0.188441707
1865,2020/5/28,11,1.253273307,0.123243558
1866,2020/5/28,13,1.202946498,0.120181405
1867,2020/5/28,15,0.809033419,0.171707887
1868,2020/5/28,17,0.385060675,0.235872925
1869,2020/5/28,19,0.040424783,0.215912815
1870,2020/5/28,21,0,0
1871,2020/5/28,23,0,0
1872,2020/5/29,1,0,0
1873,2020/5/29,3,0,0
1874,2020/5/29,5,0.075033783,0.230535173
1875,2020/5/29,7,0.459502781,0.259080085
1876,2020/5/29,9,0.884256667,0.16424115
1877,2020/5/29,11,1.255221608,0.133656384
1878,2020/5/29,13,1.20527428,0.132903742
1879,2020/5/29,15,0.810818005,0.220200677
1880,2020/5/29,17,0.386891287,0.297052532
1881,2020/5/29,19,0.041406429,0.245424509
1882,2020/5/29,21,0,0
1883,2020/5/29,23,0,0
1884,2020/5/30,1,0,0
1885,2020/5/30,3,0,0
1886,2020/5/30,5,0.075548871,0.233370649
1887,2020/5/30,7,0.460330712,0.28853176
1888,2020/5/30,9,0.885086727,0.23512692
1889,2020/5/30,11,1.257056814,0.230562344
1890,2020/5/30,13,1.207534804,0.357071466
1891,2020/5/30,15,0.812567732,0.498210104
1892,2020/5/30,17,0.388687037,0.641421758
1893,2020/5/30,19,0.042367625,0.32844052
1894,2020/5/30,21,0,0
1895,2020/5/30,23,0,0
1896,2020/5/31,1,0,0
1897,2020/5/31,3,0,0
1898,2020/5/31,5,0.076022032,0.481550887
1899,2020/5/31,7,0.461078248,0.96385114
1900,2020/5/31,9,0.885831497,0.981320756
1901,2020/5/31,11,1.258779142,0.970518528
1902,2020/5/31,13,1.209727545,0.933266147
1903,2020/5/31,15,0.814281913,0.935444598
1904,2020/5/31,17,0.390446823,0.925446965
1905,2020/5/31,19,0.043307631,0.464114496
1906,2020/5/31,21,0,0
1907,2020/5/31,23,0,0
1908,2020/6/1,1,0,0
1909,2020/6/1,3,0,0
1910,2020/6/1,5,0.07645343,0.427658981
1911,2020/6/1,7,0.461746077,0.681859453
1912,2020/6/1,9,0.886492098,0.56528579
1913,2020/6/1,11,1.260388837,0.825515847
1914,2020/6/1,13,1.211852072,0.864932424
1915,2020/6/1,15,0.815959978,0.824888238
1916,2020/6/1,17,0.392169677,0.757161494
1917,2020/6/1,19,0.044225781,0.416819995
1918,2020/6/1,21,0,0
1919,2020/6/1,23,0,0
