,Date,Photosynthetic.rate.accu,,Transpiration.rate.accu,Total.conductance.ave,Solar.radiation.accu,Vapor.pressure.deficit.gram.dayave,Vapor.pressure.deficit.gram.nightave,Temperature.outside.chamber.dayave,Temperature.outside.chamber.nightave,Temperature.inside.chamber.dayave,Temperature.inside.chamber.nightave,Year
19,2019/12/25,0.207531783,9.338930235,38.51947579,45.72054293,10.14089855,7.179807381,3.44210849,25.57100582,18.86506015,24.98888595,18.51232552,2019
20,2019/12/26,0.063832147,2.872446615,18.67661381,33.889764,4.031310684,4.933062012,2.976344532,23.08853393,18.9997175,22.90176305,18.68048685,2019
21,2019/12/27,0.209017889,9.405805005,32.15998935,42.63619184,10.34449931,6.514825665,3.485877462,23.72302803,18.41214368,23.69566621,18.02480561,2019
22,2019/12/28,0.182205898,8.19926541,34.12259138,46.18831404,8.267700928,6.31062085,3.914165054,24.11333905,18.58551464,23.90325199,18.28917493,2019
23,2019/12/29,0.132865058,5.97892761,31.55739142,40.08266383,10.63130488,7.391377413,3.31231429,24.5077545,19.02982152,24.68775762,18.75590754,2019
24,2019/12/30,-0.021846621,-0.983097945,11.51399415,25.99935451,0.841476263,4.232843746,2.942460015,21.91739478,18.51419344,21.80812767,18.26671668,2019
25,2019/12/31,0.072231827,3.250432215,15.90905556,25.9514282,4.884255193,5.817311019,3.85799818,22.34365145,18.46402943,22.64035428,18.18697784,2019
26,2020/1/1,0.120359097,5.416159365,27.77957888,36.21022669,8.942099703,7.35588697,3.713630032,23.95410812,18.57617518,24.46234052,18.21248612,2019
27,2020/1/2,0.101877278,4.58447751,28.56709748,36.62919685,10.19869004,7.422329902,3.784390039,24.1852828,18.80827968,24.53936588,18.44159066,2019
28,2020/1/3,0.049138944,2.21125248,20.88167437,32.77348297,5.922169511,6.140402464,3.489995145,23.42877133,18.78137996,23.71921062,18.50405644,2019
29,2020/1/4,0.018721546,0.84246957,16.43037558,29.46359476,3.875881844,5.162101965,3.732762624,22.11566801,18.82977709,22.34131061,18.63661712,2019
30,2020/1/5,0.142388674,6.40749033,29.56937383,40.66098833,9.641815812,6.315687666,3.614545719,22.8874854,18.42546972,23.06699004,18.18420335,2019
31,2020/1/6,0.138021458,6.21096561,34.39081287,41.76532591,11.67947735,7.081088432,3.70030613,23.60226106,18.50680787,23.86618519,18.52658142,2019
32,2020/1/7,0.001666894,0.07501023,14.8948103,30.59752341,2.302249484,4.784205794,3.081716921,21.61887383,18.29704666,21.9487409,18.25136688,2019
33,2020/1/8,0.14907314,6.7082913,31.71846579,35.5014111,9.941168313,7.443984654,3.352709839,25.2811613,19.04360719,25.54072587,19.03683837,2019
34,2020/1/9,0.139336462,6.27014079,27.28313474,35.55649947,9.731385503,6.860118678,3.590827,23.89386103,18.90326481,24.08957695,18.78536842,2019
35,2020/1/10,0.142039208,6.39176436,33.57183869,39.12067321,12.07805256,7.495547593,3.792413102,24.31960182,18.40017002,24.54294629,18.35764691,2019
36,2020/1/11,0.136577426,6.14598417,38.25422306,60.20616113,10.04973312,6.642242823,3.237644826,24.6740413,18.38367054,24.70658542,18.35069749,2019
37,2020/1/12,0.051183831,2.303272395,16.40481289,30.55626494,4.356809848,5.100584997,3.398911437,22.46100119,18.70977674,22.61413789,18.54268667,2019
38,2020/1/13,0.168178036,7.56801162,35.20437427,39.58892972,12.36786691,7.705574652,4.13155469,24.97867071,18.47955895,25.0068364,18.40423392,2019
39,2020/1/14,0.135846958,6.11311311,32.79776799,40.86115497,9.68791306,7.05951323,3.595919858,23.97405317,18.85232572,24.09985001,18.78406158,2019
40,2020/1/15,0.155137691,6.981196095,33.005064,41.80434859,10.57915133,6.998963342,3.897630852,23.98731526,18.51662513,24.15002504,18.4328696,2019
41,2020/1/16,0.197441098,8.88484941,29.60978916,36.96659786,9.082548524,6.67793527,3.862747893,23.90770335,18.52551409,23.95980495,18.51383955,2019
42,2020/1/17,0.049045264,2.20703688,13.60898867,25.51780101,3.853238051,5.126167091,3.380806047,22.2464457,18.69273421,22.29343574,18.46565982,2019
43,2020/1/18,0.13680535,6.15624075,28.36097001,29.93053261,12.78066281,7.426462811,3.822038318,24.10775982,18.40652237,24.14475259,18.23057307,2019
44,2020/1/19,0.156190771,7.028584695,32.74823596,41.68919235,12.63888536,6.788358422,3.51275973,24.2063234,18.66061164,24.03295992,18.53700643,2019
45,2020/1/20,0.300054795,13.50246578,53.3091749,60.60279217,12.35378526,7.179555301,3.67904041,25.66278926,18.60872681,25.2416431,18.5102732,2019
46,2020/1/21,0.10513643,4.73113935,27.53581122,45.12129254,4.543386273,5.397435827,4.179880984,22.03689342,18.6032184,22.02473856,18.47762175,2019
47,2020/1/22,0.179093834,8.05922253,36.18765422,57.40660523,6.808840683,5.432122222,3.380146592,23.11653882,19.03558881,22.97214964,18.83384025,2019
48,2020/1/23,-0.025772036,-1.15974162,15.73167491,33.97228388,1.566127765,4.413320915,2.994660186,22.11620663,18.4827985,21.90112037,18.36116411,2019
49,2020/1/24,0.133944929,6.027521805,24.93132111,43.09858075,5.323120951,5.15684782,3.538526077,22.62353509,18.35241106,22.52762728,18.23828874,2019
50,2020/1/25,0.252892639,11.38016876,40.28256304,51.37274548,9.808140784,6.383360015,3.639410542,23.80775382,18.8446214,23.59644523,18.62704809,2019
51,2020/1/26,0.107964328,4.85839476,24.10148004,42.31380953,4.363021847,4.94873458,3.363836624,23.58057304,18.65143973,23.31793166,18.5109057,2019
52,2020/1/27,-0.009116406,-0.41023827,13.23331149,27.0256924,1.646223084,4.607133687,3.339052354,21.99663669,18.31045772,21.88126273,18.14268172,2019
53,2020/1/28,0.03436836,1.5465762,13.66550343,28.50221605,2.260766177,4.517562138,2.898917254,22.64033169,18.82899853,22.49790547,18.69671388,2019
54,2020/1/29,0.163118624,7.34033808,27.8593436,38.66211135,7.221605819,6.350633211,3.796784715,23.41511332,18.72294934,23.40416481,18.57954309,2019
55,2020/1/30,0.234906873,10.57080929,45.83973753,47.31044108,12.70822476,8.15863942,4.051440176,25.39442864,19.2218089,25.11151794,19.11591827,2019
56,2020/1/31,0.143212763,6.444574335,26.74407752,38.43784821,7.107418993,6.140323625,4.15160808,22.51797791,19.33554548,22.64071428,19.25012093,2019
57,2020/2/1,0.192470373,8.661166785,37.09393555,52.83166574,9.274067518,6.108610303,3.898142503,23.42783903,18.72156742,23.40054083,18.63219901,2019
58,2020/2/2,0.222589888,10.01654496,38.44306536,40.81376443,12.03919071,7.42225414,3.73335325,24.96627851,19.08665102,24.71928379,18.76849,2019
59,2020/2/3,0.188465423,8.480944035,36.19761041,48.72548705,8.731349708,6.238040996,3.752503453,23.94986728,19.15249316,23.67591621,18.80578882,2019
60,2020/2/4,0.308692771,13.8911747,59.61542529,61.54870044,13.96744526,7.489506418,4.197046323,25.3778277,18.59760422,25.31228969,18.37051741,2019
61,2020/2/5,0.183474719,8.256362355,39.55038758,55.37935112,7.858065217,5.979771483,4.139676561,23.06681654,18.90009235,22.99473371,18.6224075,2019
62,2020/2/6,0.325575129,14.65088081,50.50080235,58.71363888,12.84785973,7.15895314,4.681336609,23.81437793,19.43181993,24.25942248,19.32009212,2019
63,2020/2/7,0.336969515,15.16362818,54.27703252,64.46079192,12.50330499,6.777672941,3.804436956,24.37810361,18.81845518,24.58804256,18.70254899,2019
64,2020/2/8,0.237355747,10.68100862,40.38460247,58.92351028,8.170525489,5.775960662,3.893792808,22.95358575,18.96013742,23.06694304,18.73250383,2019
65,2020/2/9,0.335787771,15.1104497,50.48797685,51.62029256,14.50602883,7.57794134,4.39643008,24.20952165,18.81633739,24.64858161,18.76767032,2019
66,2020/2/10,0.281953653,12.68791439,40.15085631,50.0894911,10.70498819,6.425213619,3.765134115,23.87188932,18.68973021,24.11253343,18.57403791,2019
67,2020/2/11,0.409037206,18.40667427,56.05158009,53.14151695,16.4701935,7.871030137,3.973882595,25.27069095,18.79508886,25.36514203,18.62152373,2019
68,2020/2/12,0.370100985,16.65454433,59.7993259,61.74954388,12.27184772,7.150118975,3.223246336,24.86180904,19.5627113,24.8864657,19.45721749,2019
69,2020/2/13,0.191149127,8.601710715,25.44742259,42.45009923,4.756917188,4.999625426,3.376033482,23.1282598,19.49890011,23.09049864,19.29753277,2019
70,2020/2/14,0.170260673,7.661730285,19.0270191,34.20654537,4.015551264,4.695012068,3.68634487,22.64824389,19.45264064,22.67007325,19.36270132,2019
71,2020/2/15,0.259986915,11.69941118,26.55714975,44.88648497,5.456151615,4.952642729,3.392767779,22.85902799,19.73959968,22.81066654,19.51467465,2019
72,2020/2/16,0.025222937,1.135032165,14.10296355,32.11345139,2.526428824,4.044341131,2.937713087,22.38611491,19.43734028,22.21450031,19.16466656,2019
73,2020/2/17,0.236343424,10.63545408,38.56153947,49.49835829,11.62649783,6.212608809,3.868336906,24.29268705,19.25387246,24.05966566,18.77990772,2019
74,2020/2/18,0.310037202,13.95167409,53.66706729,58.13473177,15.33261796,7.232127655,3.599409342,25.03710962,19.44714433,25.0569904,19.07178241,2019
75,2020/2/19,0.336156345,15.12703553,59.48998672,64.67603839,14.67296144,7.087143424,3.652750812,25.22257835,19.04986656,25.09972767,18.54741482,2019
76,2020/2/20,0.314753459,14.16390566,57.11075531,62.31660473,14.54932694,7.116298676,3.485375716,25.25639697,19.14249592,25.08687558,18.68822807,2019
77,2020/2/21,0.400911689,18.04102601,77.42577413,69.83715395,18.53440655,8.410311367,3.57220636,26.2128595,19.2396262,26.0417188,18.66479536,2019
78,2020/2/22,0.099306832,4.46880744,25.59572621,44.47548678,5.081600655,4.743767523,3.31371708,23.09256472,19.24008987,22.92685187,18.78291284,2019
79,2020/2/23,0.349506578,15.72779601,59.25303228,58.78741704,15.41969075,7.892367139,3.8226655,25.80521338,19.11984146,25.94412348,18.61274519,2019
80,2020/2/24,0.28207368,12.6933156,64.66294999,58.34739694,18.67231189,8.555472965,3.473717054,26.853348,19.37347088,26.58827868,18.86279565,2019
81,2020/2/25,0.036218819,1.629846855,17.7208834,33.26900087,4.856869457,4.837320801,3.029985561,23.11712203,19.79291575,22.98113414,19.49323315,2019
82,2020/2/26,0.325698099,14.65641446,58.55618863,53.28808265,17.00034001,8.157578779,3.782087901,25.80820399,19.46555903,25.637522,19.02504749,2019
83,2020/2/27,0.279575254,12.58088643,56.43691576,53.02622643,17.24697557,8.388504093,4.275732287,24.29968286,19.60663601,24.51994182,19.20680443,2019
84,2020/2/28,0.265361367,11.94126152,55.39823897,55.76794412,14.29166829,7.620959709,3.699220089,24.65529948,19.54013507,24.76800401,19.22924597,2019
85,2020/2/29,0.057108074,2.56986333,20.67891128,37.45225846,4.580722705,5.099160656,3.474472088,22.60635111,19.71466097,22.77211523,19.45516286,2019
86,2020/3/1,0.297482209,13.38669941,58.4527958,58.56683479,14.9100481,7.935807792,3.169753227,25.69370256,19.61985129,25.66759873,19.20317913,2019
87,2020/3/2,0.195185201,8.783334045,40.23990323,45.09349183,11.65590786,7.387452002,3.462094755,25.20390905,19.41638198,24.9673372,18.94707555,2019
88,2020/3/3,0.309246961,13.91611325,61.69851308,55.94026435,17.94178288,8.698893776,3.624468233,26.30704754,19.32681254,26.06101048,19.05347989,2019
89,2020/3/4,0.015161812,0.68228154,18.09401104,38.04740998,3.307924697,4.396631112,3.074130597,22.60478367,19.61849228,22.567591,19.17372417,2019
90,2020/3/5,0.277618372,12.49282674,40.55762052,47.56181858,12.41329218,6.784504365,3.968975315,24.13826207,19.35993447,23.91936306,18.88490552,2019
91,2020/3/6,0.395996769,17.81985461,68.47530413,62.74447387,19.20668595,8.285519242,4.114261974,26.1247791,19.21595604,25.92263638,18.6899387,2019
92,2020/3/7,0.331652613,14.92436759,72.75297772,68.27953743,18.18881535,8.361953606,3.311678646,26.1207059,19.71136613,25.74818314,19.32501559,2019
93,2020/3/8,0.016100323,0.724514535,20.69688963,40.51759153,3.226672998,4.566915617,3.146272094,22.5863663,18.72887794,22.34283011,18.26432086,2019
94,2020/3/9,0.397622116,17.89299522,77.6240632,66.20557661,17.6541175,9.628252533,3.178081317,26.9545635,19.5908769,26.7287864,19.35599228,2019
95,2020/3/10,0.010355139,0.465981255,15.48663163,35.45723271,2.066711253,3.939996659,2.992004727,22.49018425,19.87226247,22.44099263,19.60711251,2019
96,2020/3/11,0.30754214,13.8393963,44.10481301,54.10383353,10.77933935,6.573354365,3.626440781,24.18505373,18.64349166,24.27721174,18.41834927,2019
97,2020/3/12,0.375873672,16.91431524,68.41193919,54.72307273,20.62195301,10.22244122,3.809836407,26.93067223,18.59379687,27.15671474,18.38371189,2019
98,2020/3/13,0.292067532,13.14303894,54.81557083,53.9668588,16.17682563,8.522307444,3.510854045,26.06342304,18.90560471,25.93765124,18.7330037,2019
99,2020/3/14,0.13492432,6.0715944,25.44377703,43.60667911,5.78716687,4.994124546,3.49193609,22.47970593,18.65334577,22.50552565,18.44492328,2019
100,2020/3/15,0.409560492,18.43022214,70.36822272,69.24152032,18.00744236,7.945613843,3.594737497,26.13959366,18.60218429,26.05039683,18.36996835,2019
101,2020/3/16,0.364881155,16.41965198,59.61501829,70.19729454,16.83456662,6.510621053,3.972877869,23.87323781,18.300104,23.96119242,18.23554022,2019
102,2020/3/17,0.457888056,20.60496252,87.80776693,81.17708049,19.92628445,7.88702807,3.618774987,25.81104474,18.54900623,25.59584538,18.427795,2019
103,2020/3/18,0.382567228,17.21552526,70.2540529,74.78434721,15.16372963,7.075731874,3.463272787,25.15450937,18.56896001,24.98325583,18.55305434,2019
104,2020/3/19,0.412515753,18.56320889,84.37486778,78.87313378,19.36898863,7.75362683,3.13713211,25.67310738,19.59469962,25.48296683,19.68742308,2019
105,2020/3/20,0.50585695,22.76356275,95.54914075,82.63642697,19.91853374,8.467256415,3.751392404,25.95134072,18.62376917,26.01296091,18.45380944,2019
106,2020/3/21,0.537377465,24.18198593,107.1158994,89.02616521,21.20461085,8.693873365,3.678236877,26.1209679,18.72279265,26.07372123,18.71403223,2019
107,2020/3/22,0.35157087,15.82068915,64.04193273,75.39132182,12.42460917,6.435742197,3.312595139,24.39844388,19.03766766,24.3760213,19.054195,2019
108,2020/3/23,0.433521188,19.50845346,89.38735651,68.44794074,22.86515854,9.470607178,3.591988925,25.90862203,18.75879883,26.0195305,18.39940126,2019
109,2020/3/24,0.401754697,18.07896137,80.76876856,69.03789457,21.91757987,8.469569112,3.693499674,25.08079057,18.54467963,25.21621626,18.28722677,2019
110,2020/3/25,0.485701486,21.85656687,98.66202063,78.13850832,24.2725107,9.060856677,3.416808306,25.92346804,18.52443694,26.17899909,18.30858934,2019
111,2020/3/26,0.473654705,21.31446173,98.43086614,76.25994863,21.71438056,9.543519797,3.230006334,26.10902326,19.24769784,26.22919166,19.17984795,2019
112,2020/3/27,0.030578971,1.376053695,19.0040325,42.68997163,3.87703039,3.767365039,2.79295325,22.45339734,20.15314357,22.44405255,20.10609268,2019
113,2020/3/28,0.161666035,7.274971575,25.37073185,46.76807844,6.004727282,4.694654759,3.220184973,22.63251435,19.2373709,22.66407513,19.11920309,2019
114,2020/3/29,0.372584812,16.76631654,68.84513615,78.95726073,20.35827929,6.378149579,3.384529244,23.4998508,18.47417798,23.6189054,18.38729211,2019
115,2020/3/30,0.191207983,8.604359235,31.56796556,60.61196123,6.612950669,4.060222934,2.83841817,22.78633176,18.85147028,22.81741304,18.77532332,2019
116,2020/3/31,0.071090275,3.199062375,16.41023619,38.31762253,3.556281452,3.676562343,2.773541536,22.33678818,19.50024111,22.30757606,19.46980223,2019
117,2020/4/1,0.022603687,1.017165915,13.85976293,32.01856929,3.148484694,3.763099303,2.852964622,22.28461023,19.01912203,22.21952742,18.98267258,2019
118,2020/4/2,0.402447822,18.11015199,62.14094931,67.98205645,18.66574765,6.978355259,3.540152967,24.83747052,18.30184564,24.8824055,18.13959255,2019
119,2020/4/3,0.377735744,16.99810848,68.63514399,71.92604739,19.27617702,7.341050466,3.431707376,25.25165029,18.55073642,25.05576951,18.51664537,2019
120,2020/4/4,0.410424054,18.46908243,83.6536076,77.87383528,21.82508008,8.079695689,3.59270552,25.84643086,18.61004669,25.73288952,18.61446891,2019
121,2020/4/5,0.411710085,18.52695383,74.96507763,74.7645892,23.00554116,7.802772149,3.190376836,24.92067998,18.13338577,25.0782268,17.9820073,2019
122,2020/4/6,0.468732998,21.09298491,89.85660285,75.30393744,23.39929132,8.910147186,3.455163139,26.29262683,18.19994717,26.46183495,18.02749211,2019
123,2020/4/7,0.604144611,27.1865075,112.1948644,91.14644964,22.50168659,9.097064918,3.419564746,27.32720807,18.43932374,27.38136405,18.30699302,2019
124,2020/4/8,0.529475356,23.82639102,102.1322554,82.30426177,23.17451149,9.481930977,3.597154141,27.08280294,18.94998061,27.05516526,18.87154155,2019
125,2020/4/9,0.572992854,25.78467843,103.5724858,83.63517266,24.00750637,9.145047923,3.833564043,26.89670158,18.66680803,26.95632046,18.65110644,2019
126,2020/4/10,0.556346228,25.03558026,101.8140506,84.43575949,25.05644966,8.848609419,3.627415542,26.00310756,18.42772979,26.14334806,18.42061025,2019
127,2020/4/11,0.60467033,27.21016485,106.9728795,93.57941392,23.6639831,8.338623767,3.586740876,26.33913736,18.84693978,26.49101129,18.82101394,2019
128,2020/4/12,0.192781602,8.67517209,26.45223131,51.25511676,5.564607577,4.36458101,2.819852431,23.13658493,19.00387796,23.09241659,19.05082243,2019
129,2020/4/13,0.059969307,2.698618815,19.06058214,39.54181558,3.793089894,4.167989976,2.772969755,21.85549804,18.13605124,21.89781396,18.2359581,2019
130,2020/4/14,0.53570225,24.10660125,90.44314562,82.83738205,21.77500983,8.215935462,3.562879015,26.3298127,18.84332426,26.43268462,18.90665838,2019
131,2020/4/15,0.452351487,20.35581692,85.65388346,82.99389242,19.29301433,7.880560536,3.354074494,26.95155982,19.37818181,26.87292754,19.40123565,2019
132,2020/4/16,0.416541754,18.74437893,72.41451202,68.61253111,21.55150013,7.98855821,3.675882232,26.7768966,19.29918548,26.80548608,19.39236318,2019
133,2020/4/17,0.017284162,0.77778729,13.71542148,32.36331765,3.078025418,3.552666621,2.564810057,21.94544294,19.27368431,22.0840879,19.35681625,2019
134,2020/4/18,0.333924598,15.02660691,52.5589523,63.65972578,15.6346713,6.067651471,3.261305978,24.81196178,18.88803856,24.86164212,18.95348352,2019
135,2020/4/19,0.409590191,18.4315586,64.97024086,68.71422115,16.95386146,6.812423512,2.982941176,25.7477907,19.97106047,25.91413686,20.03703791,2019
136,2020/4/20,0.115501217,5.197554765,21.14701172,42.69274015,4.648790408,4.075909186,2.637725284,22.85882219,18.63260187,22.99116172,18.67480504,2019
137,2020/4/21,0.497317594,22.37929173,57.87135593,70.04445291,15.06787276,6.605916495,3.175785557,25.71588992,18.9332747,25.83220737,18.91951446,2019
138,2020/4/22,0.564164344,25.38739548,83.54840914,82.1852493,19.78301099,7.621446907,3.430286511,25.56475443,18.26186855,25.7845992,18.16135141,2019
139,2020/4/23,0.535798292,24.11092314,79.63018701,88.45571099,16.71446267,6.732471777,3.377575277,25.29762346,18.30724741,25.56262483,18.21615319,2019
140,2020/4/24,0.563276409,25.34743841,85.27916526,89.08734355,18.24975999,7.121435197,3.341479146,25.16490245,17.96673931,25.41146688,17.80732346,2019
141,2020/4/25,0.64898117,29.20415265,107.1909649,93.13318235,23.79381768,8.810008268,3.171511918,26.29220805,18.34146776,26.31648589,18.3720908,2019
142,2020/4/26,0.555569935,25.00064708,77.89416665,80.63050645,18.05479503,7.307008868,3.671739415,25.67525589,19.35820668,25.85116328,19.50073991,2019
143,2020/4/27,0.622778673,28.02504029,97.39733339,88.72550492,23.10317154,8.541562844,3.371144944,26.65614794,18.19920421,26.86339487,18.23500847,2019
144,2020/4/28,0.659295236,29.66828562,108.8714591,97.83792078,24.09788633,8.511004342,3.594873292,26.59141332,17.7797761,26.79623942,17.8588964,2019
145,2020/4/29,0.696059939,31.32269726,116.5698605,97.06321984,23.07349429,9.335575341,3.637461946,26.45588031,17.94272737,26.54204008,18.17364655,2019
146,2020/4/30,0.726387155,32.68742198,123.1566742,96.46966464,23.3566591,9.761407601,3.700599614,26.76230373,18.64406065,26.84650585,18.90574547,2019
147,2020/5/1,0.676763249,30.45434621,104.9167379,90.76820885,22.02233302,9.24149877,3.606382176,26.89524439,18.91072224,27.01737279,19.19886986,2019
148,2020/5/2,0.661978886,29.78904987,114.4554239,92.18575966,23.05834587,9.346518443,3.903977377,27.67648828,20.49264916,27.77465122,20.80848296,2019
149,2020/5/3,0.528520942,23.78344239,55.26468434,74.31504974,11.58753467,5.702907866,3.449355538,23.94750442,20.28981833,24.03988952,20.54718361,2019
150,2020/5/4,0.655942413,29.51740859,76.88805289,98.65962538,15.53120791,5.866703697,3.690668978,25.65936561,21.90093618,25.7486121,21.88886664,2019
151,2020/5/5,0.582085368,26.19384156,93.01673603,87.77645756,22.01040504,8.223886863,4.567187713,27.36644646,19.79153624,27.06055864,19.82338971,2019
152,2020/5/6,0.153057681,6.887595645,21.31671687,44.86374576,4.314321238,3.941595555,3.040172686,22.71609227,17.89084843,22.92265408,17.99966909,2019
153,2020/5/7,0.516543054,23.24443743,80.75272153,75.1599751,22.08667422,8.448605644,3.732360655,26.74059716,17.94447529,26.80339377,18.10489618,2019
154,2020/5/8,0.513999335,23.12997008,79.03424627,76.83618227,21.13287998,7.577366957,3.706954754,25.60742985,18.458847,25.59422067,18.67139773,2019
155,2020/5/9,0.303221521,13.64496845,37.83206563,50.02719289,10.05417344,5.270799315,2.924385323,23.63533208,19.82052299,23.6532109,20.04218722,2019
156,2020/5/10,0.334238673,15.04074029,23.38993198,43.33441013,6.975012058,4.273319009,3.106549134,23.88659323,21.5696412,24.05935963,21.73053329,2019
157,2020/5/11,0.644386792,28.99740564,110.5609478,98.0166249,22.43573978,9.272330565,4.172179575,28.32680394,19.29249859,27.90620494,19.37252068,2019
158,2020/5/12,0.7435921,33.4616445,127.4705969,105.5562262,21.46725671,9.240885879,5.705977648,27.72317654,20.25372319,27.47960994,20.45968853,2019
159,2020/5/13,0.688387477,30.97743647,117.1598716,102.7233509,22.62333762,8.954399486,4.267430097,27.04780657,17.87375356,26.89139594,18.12122472,2019
160,2020/5/14,0.704997411,31.7248835,131.9136943,112.3052146,23.08422325,9.530519029,4.355746508,27.77631521,18.72707564,27.43734234,19.08191996,2019
161,2020/5/15,0.453354984,20.40097428,64.61931004,77.14767768,12.09146907,6.184701285,3.456640229,24.25286806,21.00645218,24.43390558,21.47341973,2019
162,2020/5/16,0.062260665,2.801729925,15.32540509,39.47838325,2.946734096,3.310420771,2.661028922,22.16753658,19.627148,22.53512495,20.11036828,2019
163,2020/5/17,0.743150352,33.44176584,110.630927,110.1672735,22.28902364,7.670752849,4.213244901,27.40188873,20.84819502,27.39895624,21.08206424,2019
164,2020/5/18,0.469393469,21.12270611,67.99907787,84.84362715,12.6466582,5.347304869,2.939732383,25.08157827,21.79247275,25.41557629,22.22156489,2019
165,2020/5/19,0.562677752,25.32049884,73.35180784,77.32666984,17.44276129,7.532632367,4.051348122,27.3711267,19.39549127,27.08189391,19.48128576,2019
166,2020/5/20,0.559058956,25.15765302,93.68979922,75.30816236,23.65872554,9.626125531,4.802995653,27.98864903,19.77856312,27.69179246,19.91874723,2019
167,2020/5/21,0.472529443,21.26382494,71.85131163,65.26059419,20.20515665,8.437968795,4.037239434,26.28573805,20.22787496,26.31439391,20.47520277,2019
168,2020/5/22,0.463746845,20.86860803,63.42961432,63.37165607,18.23870467,7.770402412,3.745371358,26.16890458,21.57568989,26.23488592,21.87485146,2019
169,2020/5/23,0.510010464,22.95047088,87.28207067,68.49089737,22.26726927,9.550378257,4.090735675,27.70106103,22.4163379,27.52541073,22.64067825,2019
170,2020/5/24,0.470660256,21.17971152,63.33921363,73.36833561,17.28567018,6.759323211,3.828479928,26.01712002,22.14911813,25.83656769,22.37437137,2019
171,2020/5/25,0.539149561,24.26173025,78.89841251,76.72152246,17.87032581,7.772869463,4.17006622,27.66046506,22.44832176,27.24423014,22.5379057,2019
172,2020/5/26,0.297617029,13.39276631,50.57592698,62.28611162,10.11689813,5.539262884,3.381605857,25.89043644,21.68885193,25.64925941,21.93614403,2019
173,2020/5/27,0.606148527,27.27668372,88.34709262,87.80925124,20.28343588,8.127127735,5.531167703,27.10568947,20.50902843,26.82198799,20.60098505,2019
174,2020/5/28,0.685254558,30.83645511,108.642195,89.72428654,22.56695077,10.28735908,6.023412403,26.93145747,19.54358751,26.92476797,19.56018798,2019
175,2020/5/29,0.680494911,30.622271,109.5208412,87.53188189,22.61812489,10.43883605,5.57925702,27.18152788,19.83975176,26.97286953,19.90262491,2019
176,2020/5/30,0.560180047,25.20810212,86.97658781,75.80562719,19.3100579,9.240363668,4.705017721,26.96567471,22.3381237,27.17623994,22.52861175,2019
177,2020/5/31,0.297518192,13.38831864,29.47305107,57.27580989,7.394815942,4.457271956,3.194953787,23.45092257,21.00066574,23.580745,21.24275452,2019
178,2020/6/1,0.671202026,30.20409117,62.57765335,88.55421372,13.63976011,6.168981758,3.650105999,26.49709876,23.08401296,26.4724995,23.27945023,2019
179,2020/10/16,0.301846028,13.58307126,62.71900541,55.54212731,11.65610965,9.415413305,5.546163068,24.57999923,19.46456802,25.10747361,19.69613936,2020
180,2020/10/17,0.008152619,0.366867855,16.33196253,40.95311983,3.78055086,3.517429432,2.702080405,19.56924643,17.40062042,20.18970073,17.67834185,2020
181,2020/10/18,0.327108973,14.71990379,47.63676801,59.07217171,11.63659836,6.670016051,2.714751637,22.62656691,15.73513489,23.44572852,16.16340918,2020
182,2020/10/19,0.02239412,1.0077354,10.86890317,30.23188047,2.771522543,3.212567112,2.775324213,19.42549806,17.25339081,19.91811083,17.50278448,2020
183,2020/10/20,0.250771906,11.28473577,50.28924095,53.43947978,13.49252819,7.473247898,3.428498133,23.14534131,17.58626933,23.87320554,17.87165582,2020
184,2020/10/21,0.21017463,9.45785835,50.38496332,51.79395753,13.80922278,7.546077732,2.955696861,25.22185573,18.37420799,25.74799103,18.59224475,2020
185,2020/10/22,0.022471616,1.01122272,15.45225342,30.96522712,4.391032953,3.598666722,2.851581171,22.53112566,20.85608363,22.74918244,20.93140876,2020
186,2020/10/23,0.068579455,3.086075475,14.31115246,28.16076047,5.558088782,4.368927804,3.562248909,23.28715298,18.11563536,23.66024507,18.5393146,2020
187,2020/10/24,0.166182215,7.478199675,37.37274485,43.93094699,11.97931514,7.130907671,3.653612487,25.65908024,17.847555,26.01950668,18.16709775,2020
188,2020/10/25,0.191409453,8.613425385,43.81963386,47.30649726,13.65510898,7.90991282,3.565718565,25.99002486,17.86979146,26.27210133,18.16984263,2020
189,2020/10/26,0.461917394,20.78628273,85.31069192,85.59691583,31.75302608,8.046339391,NA,27.320777,18.22920668,27.36167205,NA,2020
190,2020/10/27,0.167669276,7.54511742,38.64183141,39.57503068,11.01937859,8.334388018,3.809309747,26.32829744,18.17007055,26.42833743,18.41452527,2020
191,2020/10/28,0.149118866,6.71034897,32.62553387,42.87043438,11.39719349,6.480917749,3.270429848,25.42880255,18.39676783,25.71557929,18.72152586,2020
192,2020/10/29,0.602032671,27.0914702,82.36449496,87.5594181,22.48185816,7.918637418,4.185909034,26.91962525,18.97541989,27.03717426,19.26735063,2020
193,2020/10/30,-0.036186081,-1.628373645,16.29121725,29.72811717,1.717170844,5.99094823,3.802471983,21.6606799,17.8845845,21.98267326,17.9326669,2020
194,2020/10/31,0.222582693,10.01622119,45.60032284,48.79490425,9.565287965,6.666589719,4.029958638,23.01989532,17.96084735,23.30891836,18.19827212,2020
195,2020/11/1,0.325244238,14.63599071,42.61387993,56.1655462,11.67064243,5.720653127,3.672457535,23.70303747,18.60454344,23.8416092,18.73817176,2020
196,2020/11/2,0.191968454,8.63858043,18.46664905,42.78142275,3.682289582,3.648524989,2.983899594,22.1199264,20.23534815,22.23744782,20.40317691,2020
197,2020/11/3,0.269572236,12.13075062,47.86610561,57.31110163,12.68195776,6.500983262,4.286710164,23.04866886,18.63723007,23.31317856,18.95607158,2020
198,2020/11/4,0.235381846,10.59218307,47.55914672,63.19428978,12.63904915,5.665227558,3.677833284,21.90355686,17.67158969,22.21814871,17.74434971,2020
199,2020/11/5,0.307877571,13.8544907,56.25001534,67.5342898,13.7086357,6.315926929,3.948001946,23.70567122,18.08891695,23.95036675,18.3120513,2020
200,2020/11/6,0.494423457,22.24905557,55.30334578,99.55667728,13.82288249,4.459932322,NA,23.22773189,18.37335432,23.40716733,NA,2020
201,2020/11/7,0.114322999,5.144534955,21.04668911,43.81154733,3.748435102,3.917361479,3.221040723,22.2475755,19.92214405,22.54638543,20.18983565,2020
202,2020/11/8,0.259572383,11.68075724,38.38203914,52.82906502,10.16077969,6.475714447,3.703988917,24.35555251,18.5248773,24.95946749,18.84344946,2020
203,2020/11/9,0.249294169,11.21823761,43.67672419,61.7479746,10.45160142,5.44140039,3.591613068,21.71817622,17.39536785,22.18577354,17.64687913,2020
204,2020/11/10,0.220208308,9.90937386,40.14923706,60.8289077,9.652344837,5.74362066,3.639745751,23.18419446,17.50865509,23.79132373,17.80586285,2020
205,2020/11/11,0.227803931,10.2511769,49.62283649,62.78623943,11.90760241,7.002146342,3.718625527,24.22838508,18.20011022,24.85800803,18.37227792,2020
206,2020/11/12,0.227704759,10.24671416,29.61163502,54.79698567,4.176172609,5.102261641,3.576873454,23.6158412,19.05153384,23.8783405,19.17479685,2020
207,2020/11/13,0.346831236,15.60740562,37.76398545,53.03515496,9.980159961,6.332844407,3.976100734,24.8215696,18.6858638,25.13119121,19.00975888,2020
208,2020/11/14,0.302448557,13.61018507,49.62422914,58.31097156,13.10617719,6.630697779,4.13628223,22.55040776,17.82788788,22.84889936,18.0612912,2020
209,2020/11/15,0.29298091,13.18414095,46.86446539,59.55556489,12.1864961,7.027800843,3.484231467,25.63091945,19.07943956,25.91827675,19.15180776,2020
210,2020/11/16,0.253525124,11.40863058,39.97108232,53.43457172,10.37528969,5.696455246,3.952580477,23.36116499,18.92595808,23.50310336,19.17494098,2020
211,2020/11/17,0.270952796,12.19287582,42.64342214,54.10843368,11.79818126,6.641810818,3.634571462,25.06707999,19.81677267,25.1634726,19.91547896,2020
212,2020/11/18,0.215994841,9.719767845,38.12788852,50.17854961,10.9655623,6.139737472,3.560887349,24.74933618,20.08615402,24.94880959,20.28414439,2020
213,2020/11/19,0.234692145,10.56114653,34.46599812,47.35391198,7.658815048,5.331752914,3.441867782,24.43563643,20.68793468,24.70875081,20.90949213,2020
214,2020/11/20,0.225157324,10.13207958,25.53779761,45.03154606,4.908390339,4.827909239,4.190288417,24.74505045,20.16082507,24.92509886,20.1578493,2020
215,2020/11/21,0.249207982,11.21435919,42.22500469,53.40335261,10.88947649,6.249412152,4.179273523,21.58716502,17.54990175,21.96879848,17.62195723,2020
216,2020/11/22,0.336831192,15.15740364,37.85079018,55.69762494,7.515321918,5.143790811,3.531284874,23.48250218,20.00632008,23.71538731,20.03387415,2020
217,2020/11/23,0.227769632,10.24963344,40.09816573,51.12235161,10.67267783,6.042877218,3.809086587,22.49216122,17.63698535,22.85561861,17.95033004,2020
218,2020/11/24,0.29253922,13.1642649,46.43976991,58.83104832,11.77160009,6.100488235,3.807847721,22.61450639,18.11556137,22.96098067,18.3136151,2020
219,2020/11/25,0.237550096,10.68975432,36.49256169,59.57577877,7.191903467,4.832891084,4.252948581,21.58255807,18.98491599,21.75712402,19.02930607,2020
220,2020/11/26,0.290898081,13.09041365,49.24713864,62.190472,11.62467666,5.912166924,4.664601865,22.64849506,20.1631229,22.93416854,20.13569355,2020
221,2020/11/27,0.25672609,11.55267405,46.61473749,62.29932793,11.03842687,5.48177563,4.414431882,22.55589338,20.24045728,22.74626438,20.18398187,2020
222,2020/11/28,0.053481793,2.406680685,36.15721406,66.26933525,6.5705356,4.745975695,3.349404931,20.32044468,18.0349321,20.53432785,17.98262003,2020
223,2020/11/29,0.255150422,11.48176899,39.07875787,55.5894303,10.08461199,5.544477986,4.381544298,21.92923356,18.75657054,22.09541724,18.86570544,2020
224,2020/11/30,0.002336753,0.105153885,30.10969838,50.44940364,7.62507268,4.934415659,4.358558765,21.23779505,18.95737227,21.43799988,19.05641351,2020
225,2020/12/1,0.301063448,13.54785516,39.42655641,55.63506233,10.10816094,6.169030722,4.387903598,22.79433227,19.6200966,23.12622505,19.54983829,2020
226,2020/12/2,0.311601129,14.02205081,51.77276826,64.41365587,11.70172763,6.686341888,4.41523165,23.93409386,19.74051998,24.17671131,19.74526785,2020
227,2020/12/3,0.298285265,13.42283693,42.07160485,59.98570411,7.798304092,6.216865136,4.474836385,22.97085091,19.56552621,23.48147287,19.57991424,2020
228,2020/12/4,0.343184493,15.44330219,52.86134041,65.22740206,11.73741911,6.058825968,4.572005658,22.29677043,18.65224867,22.56327086,18.64104615,2020
229,2020/12/5,0.295091217,13.27910477,51.75915552,60.47229623,11.82202285,6.579935643,4.53107929,22.46512001,18.76027147,22.7733559,18.70628769,2020
230,2020/12/6,0.328414863,14.77866884,54.76083026,66.26224221,11.42487641,6.309166452,4.45419183,22.70024414,18.61692854,22.89791821,18.50650028,2020
231,2020/12/7,0.271670644,12.22517898,49.97654644,61.6424682,11.46283641,6.821532041,4.436439513,23.84698331,19.97182773,23.96605112,19.78611206,2020
232,2020/12/8,0.239739202,10.78826409,39.44190995,56.09475365,8.818703536,6.347018167,4.256593806,23.16427466,19.57697556,23.57739694,19.4881165,2020
233,2020/12/9,0.25013085,11.25588825,42.44683245,58.52788483,9.387529538,6.409580808,4.482034219,23.98012872,19.44322287,24.23887883,19.26620658,2020
234,2020/12/10,0.229419446,10.32387507,48.80287993,62.78348375,11.81504975,7.256457581,4.117917519,25.02295358,19.6240851,25.1318079,19.51375988,2020
235,2020/12/11,0.246170982,11.07769419,40.87774668,59.00905736,9.699458724,5.1641406,4.040082513,22.48265003,18.71623389,22.54667662,18.62649047,2020
236,2020/12/12,0.243220296,10.94491332,38.00984097,60.19054407,8.538497959,5.168947506,4.095475672,22.04413122,19.25166776,22.20980442,19.20015844,2020
237,2020/12/13,0.251699826,11.32649217,38.84307061,59.90142356,7.351706446,5.848697611,4.260805731,22.59838035,19.51120328,23.04996496,19.41958916,2020
238,2020/12/14,0.190103263,8.554646835,33.15860218,54.16275236,5.106786113,5.28660834,4.612323634,20.77028495,19.80577513,21.17831559,19.7655584,2020
239,2020/12/15,0.242651764,10.91932938,48.81252447,60.3929398,10.74384442,7.386182833,4.997137262,21.35752557,19.32068579,22.15226011,19.32821528,2020
240,2020/12/16,0.277231221,12.47540495,53.66244273,65.78449396,11.9004724,6.865999181,4.935540619,23.51464827,19.26351957,23.95404795,19.23837941,2020
241,2020/12/17,0.317112176,14.27004792,46.03847306,63.49372294,11.35952019,6.795812997,3.274541127,21.95915385,17.0586286,22.66245515,17.35083732,2020
242,2020/12/18,0.266551922,11.99483649,45.94398592,62.81557248,11.6547085,5.417398667,3.943845491,22.15020784,18.4635541,22.2997879,18.15392813,2020
243,2020/12/19,0.198339193,8.925263685,29.55566329,57.39492847,5.193733011,4.121961798,3.180623063,19.86929561,16.01899153,20.06415778,16.13332183,2020
244,2020/12/20,0.275336376,12.39013692,35.96895092,65.54000043,8.019488212,4.641024655,3.34154435,20.10212042,17.77290599,20.39681113,17.62370049,2020
245,2020/12/21,0.254933284,11.47199778,31.83389413,59.21706684,6.644732349,4.772121747,3.410497859,21.09537898,19.2123588,21.46722296,18.9936059,2020
246,2020/12/22,0.282656044,12.71952198,49.07737378,71.0275628,11.22011166,6.011312794,3.941655308,24.02275116,19.78134748,24.02741275,19.47588635,2020
247,2020/12/23,0.199280692,8.96763114,48.75643087,74.35199825,10.2999716,5.801040359,3.646364598,23.93799382,19.64238664,24.10221999,19.4536294,2020
248,2020/12/24,0.065640328,2.95381476,27.21539035,61.56802473,3.163219216,4.062427536,3.325141482,21.32394215,19.70100454,21.62608825,19.82535127,2020
249,2020/12/25,0.081854574,3.68345583,31.5516186,57.76249334,5.498658028,4.737541175,3.688379657,21.52817976,19.72560387,21.93152626,19.69222519,2020
250,2020/12/26,0.107359279,4.831167555,37.93107204,61.25399355,8.007193313,5.024546593,3.558433517,21.70415243,18.60401335,21.87673952,18.51733524,2020
251,2020/12/27,0.223700502,10.06652259,45.29650614,65.76383087,9.808845249,5.125329248,3.453364431,22.69919374,18.54690285,22.86084012,18.50324886,2020
252,2020/12/28,0.253162171,11.3922977,39.10579734,61.34049084,8.40969428,5.742391691,3.590182204,22.99619654,19.5479485,23.4253141,19.56628127,2020
253,2020/12/29,0.434363187,19.54634342,38.7245615,65.63748033,7.452981706,5.186321263,3.425198791,23.59948169,19.80698995,23.87336307,19.86099196,2020
254,2020/12/30,0.281229358,12.65532111,43.45515412,72.61137757,6.625633094,5.406993419,3.586948316,23.45722589,19.39122996,23.75775664,19.4332799,2020
255,2020/12/31,0.193285084,8.69782878,38.5416811,62.40485004,7.549080481,5.699683448,3.968578339,21.66331629,19.07245043,22.23455002,19.16458624,2020
256,2021/1/1,0.269068224,12.10807008,50.9311997,67.818211,10.06111089,6.778142299,4.11395682,23.36902046,19.15328629,23.8510213,19.28099801,2020
257,2021/1/2,0.33538321,15.09224445,48.9831179,67.84297756,10.11205201,6.60334869,4.016384009,23.30729617,19.01413111,23.84806708,19.19999134,2020
258,2021/1/3,0.226898558,10.21043511,46.38570526,68.63196052,8.400704375,6.306598112,3.88004062,22.22945712,19.17710543,22.82735687,19.35252331,2020
259,2021/1/4,0.275037723,12.37669754,53.62275729,70.82506897,10.90954747,6.971219426,3.932656582,23.61931704,19.40166625,24.10628054,19.54425081,2020
260,2021/1/5,0.042351046,1.90579707,24.47834966,46.32147251,4.488750654,4.301123268,3.556742099,21.41997026,18.64439905,21.56133174,18.67426025,2020
261,2021/1/6,0.14251633,6.41323485,41.44890921,55.76375616,9.740208495,5.442220203,3.709530756,22.38453652,18.49543891,22.73615208,18.65835654,2020
262,2021/1/7,0.189088369,8.508976605,32.93197153,54.57996812,5.767913655,4.88425739,3.553584461,21.39828813,16.90967193,21.41513865,16.88245144,2020
263,2021/1/8,0.237736081,10.69812365,39.6838537,57.78475362,8.868096661,5.595195961,4.506861035,21.95606837,20.2665521,22.1916899,19.82954083,2020
264,2021/1/9,0.279805274,12.59123733,51.35495418,63.84019651,11.81412986,6.500042377,4.285545226,22.81294078,19.83748503,23.21100136,19.48522477,2020
265,2021/1/10,0.310316666,13.96424997,51.31722403,65.28870003,12.18185754,6.927739847,3.827405921,24.25947294,19.37691613,24.79685814,19.18678515,2020
266,2021/1/11,0.206391693,9.287626185,28.68254691,48.47934208,6.538636586,4.627696823,3.393266629,21.84006365,17.73200013,22.17947489,17.7937403,2020
267,2021/1/12,0.109727927,4.937756715,19.73858963,37.91295017,3.236664007,4.488254355,3.496152731,21.27968264,17.61489749,21.28519164,17.62475127,2020
268,2021/1/13,0.271784797,12.23031587,43.83133388,51.90174717,11.79970104,6.291238411,3.857284444,23.08267581,18.22069697,23.4317485,18.34679815,2020
269,2021/1/14,0.27297283,12.28377735,41.58479687,51.72700471,9.312545558,5.900900638,3.8963359,22.9080085,18.76191787,23.19153049,18.89401088,2020
270,2021/1/15,0.264996306,11.92483377,54.25934395,63.9670231,11.91849192,7.016798496,3.755128549,24.46540036,19.82501507,24.9656404,19.66554884,2020
271,2021/1/16,0.214913268,9.67109706,34.20275213,49.12420891,7.6793902,5.159916742,3.527401669,22.53725927,17.88022754,22.75223039,18.12146238,2020
272,2021/1/17,0.218430504,9.82937268,36.25187216,51.26613845,7.970750805,6.2272678,3.782188447,23.71771192,19.34476489,24.34339805,19.12474929,2020
273,2021/1/18,0.276253279,12.43139756,39.56701508,41.8518632,12.01727296,6.504834534,4.050400033,23.5104851,18.3339193,23.97635754,18.55665415,2020
274,2021/1/19,0.175973171,7.918792695,27.19787059,34.12706143,7.960005811,5.784871524,4.299507618,22.44183799,18.33880426,22.85793488,18.47819598,2020
275,2021/1/20,0.57900954,26.0554293,87.64380013,96.7044971,37.73501571,7.38320981,NA,24.85310527,19.05389022,25.52138838,NA,2020
276,2021/1/21,0.284335493,12.79509719,45.75359314,50.84291432,10.86406883,6.223674921,4.038533001,23.21674878,19.34741729,23.77612562,19.65303559,2020
277,2021/1/22,0.107746496,4.84859232,14.80491359,31.87852997,2.699663835,3.953056363,2.995491699,21.57185329,19.18288955,22.06082752,19.50856511,2020
278,2021/1/23,0.093233715,4.195517175,12.99049308,27.58824639,1.600858456,4.071108069,3.568141858,21.65845468,19.77554603,22.05346847,20.02609893,2020
279,2021/1/24,0.117341473,5.280366285,18.43722832,37.80068494,3.539267671,4.389847713,3.404694924,21.87162285,18.50886143,22.02948188,18.56959923,2020
280,2021/1/25,0.309027698,13.90624641,50.34856046,60.89651012,11.27237661,5.903092977,3.431083871,22.69629044,18.45089852,22.93100938,18.45184996,2020
281,2021/1/26,0.269443852,12.12497334,36.13633183,52.52210032,9.579994431,5.064818597,3.425711662,22.67407287,20.01692745,22.92020929,20.06433649,2020
282,2021/1/27,0.273203838,12.29417271,30.22280145,41.72918631,8.852574582,5.539550106,4.207413191,22.0173188,18.15436903,22.31379867,18.20535423,2020
283,2021/1/28,0.137718761,6.197344245,16.1390481,29.14875357,3.287072773,5.195370068,3.96139726,22.80626125,19.66494319,23.03558431,19.70066569,2020
284,2021/1/29,0.280668897,12.63010037,34.21333237,40.14750455,11.82162246,7.765028192,5.098984615,24.33089872,19.97048209,24.73712593,20.02057751,2020
285,2021/1/30,0.20162521,9.07313445,30.22675566,36.54872383,9.061777841,7.845234375,4.337373431,24.66267708,20.35306232,25.21332391,20.4429839,2020
286,2021/1/31,0.248059961,11.16269825,39.2585594,44.49844559,13.63772494,8.30381105,4.806542772,24.80787629,20.50529666,25.36331132,20.49449703,2020
287,2021/2/1,0.186238783,8.380745235,27.07624867,42.95218859,8.897088339,5.038511104,3.734272611,22.88555182,20.6248606,22.9505859,20.5217953,2020
288,2021/2/2,0.169036216,7.60662972,31.93452262,45.11806737,8.751680548,5.691207909,4.542730781,22.9087935,21.34295106,22.87054568,21.03086057,2020
289,2021/2/3,0.169971823,7.648732035,38.19988877,55.12919105,9.965851226,6.417597439,4.17948808,23.57072741,20.53642101,23.7874207,20.05829064,2020
290,2021/2/4,0.298490238,13.43206071,58.57336358,67.97251816,13.59866511,7.534282833,4.39296128,23.54542994,20.41960077,23.81795223,20.23243325,2020
291,2021/2/5,0.31454987,14.15474415,61.08552358,81.33028022,13.18164874,6.404534404,3.760489542,24.01384577,20.38723659,24.12478136,20.3013153,2020
292,2021/2/6,0.311269885,14.00714483,58.33195235,68.48157094,13.86166765,7.29737326,4.034846876,24.36899756,20.37293457,24.52109012,20.18793197,2020
293,2021/2/7,0.273934654,12.32705943,52.61413121,66.83148132,12.06267305,6.826685343,3.957992579,24.39913097,20.4120401,24.53138914,20.21768834,2020
294,2021/2/8,0.22211781,9.99530145,43.71847268,58.94640432,10.63563872,5.621528759,4.121975388,21.92509294,18.02899206,21.97456501,17.78512176,2020
295,2021/2/9,0.19631078,8.8339851,40.49237652,51.57165109,12.06359988,5.939224176,4.011893999,21.96214344,17.93894675,22.21403507,17.86244208,2020
296,2021/2/10,0.288864946,12.99892257,48.86868053,56.03180118,15.03483617,7.690434193,3.71084912,24.4666425,19.28811624,24.84572618,19.11826256,2020
297,2021/2/11,0.284375856,12.79691352,45.47520129,54.89921946,14.32371069,6.048533337,4.000023802,22.36146609,18.20855682,22.61423681,18.12156289,2020
298,2021/2/12,0.312518539,14.06333426,30.35658783,48.69061664,7.946971539,5.021583684,3.560918948,22.99926437,20.23577461,23.0679388,20.08115256,2020
299,2021/2/13,0.273510846,12.30798807,38.54144755,56.05290906,9.662422394,6.060494066,3.618090113,24.50578599,19.84157884,24.63158808,19.63543216,2020
300,2021/2/14,0.294308889,13.24390001,47.9685334,61.23859663,12.59496147,6.564424263,3.516691781,24.69442149,20.60651261,24.82342262,20.53618836,2020
301,2021/2/15,0.225317947,10.13930762,26.18507384,45.38176111,5.462326739,4.631246627,3.809472399,22.17529694,18.98447758,22.24065792,18.95266556,2020
302,2021/2/16,0.433557635,19.51009358,63.87219747,67.3039643,15.89062487,6.728040684,4.185421707,22.82144082,17.7710726,23.24457889,17.88432211,2020
303,2021/2/17,0.401795433,18.08079449,52.40175302,56.54984624,13.16648297,6.910015504,4.889569033,22.28596023,17.78957483,22.49602619,17.63912043,2020
304,2021/2/18,0.330855001,14.88847505,43.72604353,53.64188939,14.01036839,6.631835101,4.277666121,22.92297651,19.85186439,23.23622334,19.70204211,2020
305,2021/2/19,0.302453104,13.61038968,40.68941971,52.77124712,11.83178725,7.033378999,4.200535827,23.88228047,19.20701237,24.33142743,19.07012152,2020
306,2021/2/20,0.406143537,18.27645917,64.64038252,69.01481754,16.67467522,8.421917286,4.120954574,24.98107574,19.6432759,25.52340637,19.60586932,2020
