## Site Characteristics,,,,,,,
Country     = 'Netherlands',,,,,,,
Station     = 'Wageningen, Haarweg',,,,,,
Description = 'Observed data from Station Haarweg in Wageningen',,,,,,,
Source      = 'Meteorology and Air Quality Group, Wageningen University',,,,,,
Contact     = 'Peter Uithol',,,,,,,
Longitude = 5.67; Latitude = 51.97; Elevation = 7; AngstromA = 0.18; AngstromB = 0.55; HasSunshine = False,,,,,,,
## Daily weather observations (missing values are NaN),,,,,,,
DAY,IRRAD,TMIN,TMAX,VAP,WIND,RAIN,SNOWDEPTH
20190801,10,21,21,1,1.8,1.2,NaN
20190802,10,21,21,1,1.8,1.2,NaN
20190803,10,21,21,1,1.8,1.2,NaN
20190804,10,21,21,1,1.8,1.2,NaN
20190805,10,21,21,1,1.8,1.2,NaN
20190806,10,21,21,1,1.8,1.2,NaN
20190807,10,21,21,1,1.8,1.2,NaN
20190808,10,21,21,1,1.8,1.2,NaN
20190809,10,21,21,1,1.8,1.2,NaN
20190810,10,21,21,1,1.8,1.2,NaN
20190811,10,21,21,1,1.8,1.2,NaN
20190812,10,21,21,1,1.8,1.2,NaN
20190813,10,21,21,1,1.8,1.2,NaN
20190814,10,21,21,1,1.8,1.2,NaN
20190815,10,21,21,1,1.8,1.2,NaN
20190816,10,21,21,1,1.8,1.2,NaN
20190817,10,21,21,1,1.8,1.2,NaN
20190818,10,21,21,1,1.8,1.2,NaN
20190819,10,21,21,1,1.8,1.2,NaN
20190820,10,21,21,1,1.8,1.2,NaN
20190821,10,21,21,1,1.8,1.2,NaN
20190822,10,21,21,1,1.8,1.2,NaN
20190823,10,21,21,1,1.8,1.2,NaN
20190824,10,21,21,1,1.8,1.2,NaN
20190825,10,21,21,1,1.8,1.2,NaN
20190826,10,21,21,1,1.8,1.2,NaN
20190827,10,21,21,1,1.8,1.2,NaN
20190828,10,21,21,1,1.8,1.2,NaN
20190829,10,21,21,1,1.8,1.2,NaN
20190830,10,21,21,1,1.8,1.2,NaN
20190831,10,21,21,1,1.8,1.2,NaN
20190901,10,21,21,1,1.8,1.2,NaN
20190902,10,21,21,1,1.8,1.2,NaN
20190903,10,21,21,1,1.8,1.2,NaN
20190904,10,21,21,1,1.8,1.2,NaN
20190905,10,21,21,1,1.8,1.2,NaN
20190906,10,21,21,1,1.8,1.2,NaN
20190907,10,21,21,1,1.8,1.2,NaN
20190908,10,21,21,1,1.8,1.2,NaN
20190909,10,21,21,1,1.8,1.2,NaN
20190910,10,21,21,1,1.8,1.2,NaN
20190911,10,21,21,1,1.8,1.2,NaN
20190912,10,21,21,1,1.8,1.2,NaN
20190913,10,21,21,1,1.8,1.2,NaN
20190914,10,21,21,1,1.8,1.2,NaN
20190915,10,21,21,1,1.8,1.2,NaN
20190916,10,21,21,1,1.8,1.2,NaN
20190917,10,21,21,1,1.8,1.2,NaN
20190918,10,21,21,1,1.8,1.2,NaN
20190919,10,21,21,1,1.8,1.2,NaN
20190920,10,21,21,1,1.8,1.2,NaN
20190921,10,21,21,1,1.8,1.2,NaN
20190922,10,21,21,1,1.8,1.2,NaN
20190923,10,21,21,1,1.8,1.2,NaN
20190924,10,21,21,1,1.8,1.2,NaN
20190925,10,21,21,1,1.8,1.2,NaN
20190926,10,21,21,1,1.8,1.2,NaN
20190927,10,21,21,1,1.8,1.2,NaN
20190928,10,21,21,1,1.8,1.2,NaN
20190929,10,21,21,1,1.8,1.2,NaN
20190930,10,21,21,1,1.8,1.2,NaN
20191001,10,21,21,1,1.8,1.2,NaN
20191002,10,21,21,1,1.8,1.2,NaN
20191003,10,21,21,1,1.8,1.2,NaN
20191004,10,21,21,1,1.8,1.2,NaN
20191005,10,21,21,1,1.8,1.2,NaN
20191006,10,21,21,1,1.8,1.2,NaN
20191007,10,21,21,1,1.8,1.2,NaN
20191008,10,21,21,1,1.8,1.2,NaN
20191009,10,21,21,1,1.8,1.2,NaN
20191010,10,21,21,1,1.8,1.2,NaN
20191011,10,21,21,1,1.8,1.2,NaN
20191012,10,21,21,1,1.8,1.2,NaN
20191013,10,21,21,1,1.8,1.2,NaN
20191014,10,21,21,1,1.8,1.2,NaN
20191015,10,21,21,1,1.8,1.2,NaN
20191016,10,21,21,1,1.8,1.2,NaN
20191017,10,21,21,1,1.8,1.2,NaN
20191018,10,21,21,1,1.8,1.2,NaN
20191019,10,21,21,1,1.8,1.2,NaN
20191020,10,21,21,1,1.8,1.2,NaN
20191021,10,21,21,1,1.8,1.2,NaN
20191022,10,21,21,1,1.8,1.2,NaN
20191023,10,21,21,1,1.8,1.2,NaN
20191024,10,21,21,1,1.8,1.2,NaN
20191025,10,21,21,1,1.8,1.2,NaN
20191026,10,21,21,1,1.8,1.2,NaN
20191027,10,21,21,1,1.8,1.2,NaN
20191028,10,21,21,1,1.8,1.2,NaN
20191029,10,21,21,1,1.8,1.2,NaN
20191030,10,21,21,1,1.8,1.2,NaN
20191031,10,21,21,1,1.8,1.2,NaN
20191101,10,21,21,1,1.8,1.2,NaN
20191102,10,21,21,1,1.8,1.2,NaN
20191103,10,21,21,1,1.8,1.2,NaN
20191104,10,21,21,1,1.8,1.2,NaN
20191105,10,21,21,1,1.8,1.2,NaN
20191106,10,21,21,1,1.8,1.2,NaN
20191107,10,21,21,1,1.8,1.2,NaN
20191108,10,21,21,1,1.8,1.2,NaN
20191109,10,21,21,1,1.8,1.2,NaN
20191110,10,21,21,1,1.8,1.2,NaN
20191111,10,21,21,1,1.8,1.2,NaN
20191112,10,21,21,1,1.8,1.2,NaN
20191113,10,21,21,1,1.8,1.2,NaN
20191114,10,21,21,1,1.8,1.2,NaN
20191115,10,21,21,1,1.8,1.2,NaN
20191116,10,21,21,1,1.8,1.2,NaN
20191117,10,21,21,1,1.8,1.2,NaN
20191118,10,21,21,1,1.8,1.2,NaN
20191119,10,21,21,1,1.8,1.2,NaN
20191120,10,21,21,1,1.8,1.2,NaN
20191121,10,21,21,1,1.8,1.2,NaN
20191122,10,21,21,1,1.8,1.2,NaN
20191123,10,21,21,1,1.8,1.2,NaN
20191124,10,21,21,1,1.8,1.2,NaN
20191125,10,21,21,1,1.8,1.2,NaN
20191126,10,21,21,1,1.8,1.2,NaN
20191127,10,21,21,1,1.8,1.2,NaN
20191128,10,21,21,1,1.8,1.2,NaN
20191129,10,21,21,1,1.8,1.2,NaN
20191130,10,21,21,1,1.8,1.2,NaN
20191201,10,21,21,1,1.8,1.2,NaN
20191202,10,21,21,1,1.8,1.2,NaN
20191203,10,21,21,1,1.8,1.2,NaN
20191204,10,21,21,1,1.8,1.2,NaN
20191205,10,21,21,1,1.8,1.2,NaN
20191206,10,21,21,1,1.8,1.2,NaN
20191207,10,21,21,1,1.8,1.2,NaN
20191208,10,21,21,1,1.8,1.2,NaN
20191209,10,21,21,1,1.8,1.2,NaN
20191210,10,21,21,1,1.8,1.2,NaN
20191211,10,21,21,1,1.8,1.2,NaN
20191212,10,21,21,1,1.8,1.2,NaN
20191213,10,21,21,1,1.8,1.2,NaN
20191214,10,21,21,1,1.8,1.2,NaN
20191215,10,21,21,1,1.8,1.2,NaN
20191216,10,21,21,1,1.8,1.2,NaN
20191217,10,21,21,1,1.8,1.2,NaN
20191218,10,21,21,1,1.8,1.2,NaN
20191219,10,21,21,1,1.8,1.2,NaN
20191220,10,21,21,1,1.8,1.2,NaN
20191221,10,21,21,1,1.8,1.2,NaN
20191222,10,21,21,1,1.8,1.2,NaN
20191223,10,21,21,1,1.8,1.2,NaN
20191224,10,21,21,1,1.8,1.2,NaN
20230701,10,21,21,1,1.8,1.2,NaN
20230702,10,21,21,1,1.8,1.2,NaN
20230703,10,21,21,1,1.8,1.2,NaN
20230704,10,21,21,1,1.8,1.2,NaN
20230705,10,21,21,1,1.8,1.2,NaN
20230706,10,21,21,1,1.8,1.2,NaN
20230707,10,21,21,1,1.8,1.2,NaN
20230708,10,21,21,1,1.8,1.2,NaN
20230709,10,21,21,1,1.8,1.2,NaN
20230710,10,21,21,1,1.8,1.2,NaN
20230711,10,21,21,1,1.8,1.2,NaN
20230712,10,21,21,1,1.8,1.2,NaN
20230713,10,21,21,1,1.8,1.2,NaN
20230714,10,21,21,1,1.8,1.2,NaN
20230715,10,21,21,1,1.8,1.2,NaN
20230716,10,21,21,1,1.8,1.2,NaN
20230717,10,21,21,1,1.8,1.2,NaN
20230718,10,21,21,1,1.8,1.2,NaN
20230719,10,21,21,1,1.8,1.2,NaN
20230720,10,21,21,1,1.8,1.2,NaN
20230721,10,21,21,1,1.8,1.2,NaN
20230722,10,21,21,1,1.8,1.2,NaN
20230723,10,21,21,1,1.8,1.2,NaN
20230724,10,21,21,1,1.8,1.2,NaN
20230725,10,21,21,1,1.8,1.2,NaN
20230726,10,21,21,1,1.8,1.2,NaN
20230727,10,21,21,1,1.8,1.2,NaN
20230728,10,21,21,1,1.8,1.2,NaN
20230729,10,21,21,1,1.8,1.2,NaN
20230730,10,21,21,1,1.8,1.2,NaN
20230731,10,21,21,1,1.8,1.2,NaN
20230801,10,21,21,1,1.8,1.2,NaN
20230802,10,21,21,1,1.8,1.2,NaN
20230803,10,21,21,1,1.8,1.2,NaN
20230804,10,21,21,1,1.8,1.2,NaN
20230805,10,21,21,1,1.8,1.2,NaN
20230806,10,21,21,1,1.8,1.2,NaN
20230807,10,21,21,1,1.8,1.2,NaN
20230808,10,21,21,1,1.8,1.2,NaN
20230809,10,21,21,1,1.8,1.2,NaN
20230810,10,21,21,1,1.8,1.2,NaN
20230811,10,21,21,1,1.8,1.2,NaN
20230812,10,21,21,1,1.8,1.2,NaN
20230813,10,21,21,1,1.8,1.2,NaN
20230814,10,21,21,1,1.8,1.2,NaN
20230815,10,21,21,1,1.8,1.2,NaN
20230816,10,21,21,1,1.8,1.2,NaN
20230817,10,21,21,1,1.8,1.2,NaN
20230818,10,21,21,1,1.8,1.2,NaN
20230819,10,21,21,1,1.8,1.2,NaN
20230820,10,21,21,1,1.8,1.2,NaN
20230821,10,21,21,1,1.8,1.2,NaN
20230822,10,21,21,1,1.8,1.2,NaN
20230823,10,21,21,1,1.8,1.2,NaN
20230824,10,21,21,1,1.8,1.2,NaN
20230825,10,21,21,1,1.8,1.2,NaN
20230826,10,21,21,1,1.8,1.2,NaN
20230827,10,21,21,1,1.8,1.2,NaN
20230828,10,21,21,1,1.8,1.2,NaN
20230829,10,21,21,1,1.8,1.2,NaN
20230830,10,21,21,1,1.8,1.2,NaN
20230831,10,21,21,1,1.8,1.2,NaN
20230901,10,21,21,1,1.8,1.2,NaN
20230902,10,21,21,1,1.8,1.2,NaN
20230903,10,21,21,1,1.8,1.2,NaN
20230904,10,21,21,1,1.8,1.2,NaN
20230905,10,21,21,1,1.8,1.2,NaN
20230906,10,21,21,1,1.8,1.2,NaN
20230907,10,21,21,1,1.8,1.2,NaN
20230908,10,21,21,1,1.8,1.2,NaN
20230909,10,21,21,1,1.8,1.2,NaN
20230910,10,21,21,1,1.8,1.2,NaN
20230911,10,21,21,1,1.8,1.2,NaN
20230912,10,21,21,1,1.8,1.2,NaN
20230913,10,21,21,1,1.8,1.2,NaN
20230914,10,21,21,1,1.8,1.2,NaN
20230915,10,21,21,1,1.8,1.2,NaN
20230916,10,21,21,1,1.8,1.2,NaN
20230917,10,21,21,1,1.8,1.2,NaN
20230918,10,21,21,1,1.8,1.2,NaN
20230919,10,21,21,1,1.8,1.2,NaN
20230920,10,21,21,1,1.8,1.2,NaN
20230921,10,21,21,1,1.8,1.2,NaN
20230922,10,21,21,1,1.8,1.2,NaN
20230923,10,21,21,1,1.8,1.2,NaN
20230924,10,21,21,1,1.8,1.2,NaN
20230925,10,21,21,1,1.8,1.2,NaN
20230926,10,21,21,1,1.8,1.2,NaN
20230927,10,21,21,1,1.8,1.2,NaN
20230928,10,21,21,1,1.8,1.2,NaN
20230929,10,21,21,1,1.8,1.2,NaN
20230930,10,21,21,1,1.8,1.2,NaN
20231001,10,21,21,1,1.8,1.2,NaN
20231002,10,21,21,1,1.8,1.2,NaN
20231003,10,21,21,1,1.8,1.2,NaN
20231004,10,21,21,1,1.8,1.2,NaN
20231005,10,21,21,1,1.8,1.2,NaN
20231006,10,21,21,1,1.8,1.2,NaN
20231007,10,21,21,1,1.8,1.2,NaN
20231008,10,21,21,1,1.8,1.2,NaN
20231009,10,21,21,1,1.8,1.2,NaN
20231010,10,21,21,1,1.8,1.2,NaN
20231011,10,21,21,1,1.8,1.2,NaN
20231012,10,21,21,1,1.8,1.2,NaN
20231013,10,21,21,1,1.8,1.2,NaN
20231014,10,21,21,1,1.8,1.2,NaN
20231015,10,21,21,1,1.8,1.2,NaN
20231016,10,21,21,1,1.8,1.2,NaN
20231017,10,21,21,1,1.8,1.2,NaN
20231018,10,21,21,1,1.8,1.2,NaN
20231019,10,21,21,1,1.8,1.2,NaN
20231020,10,21,21,1,1.8,1.2,NaN
20231021,10,21,21,1,1.8,1.2,NaN
20231022,10,21,21,1,1.8,1.2,NaN
20231023,10,21,21,1,1.8,1.2,NaN
20231024,10,21,21,1,1.8,1.2,NaN
20231025,10,21,21,1,1.8,1.2,NaN
20231026,10,21,21,1,1.8,1.2,NaN
20231027,10,21,21,1,1.8,1.2,NaN
20231028,10,21,21,1,1.8,1.2,NaN
20231029,10,21,21,1,1.8,1.2,NaN
20231030,10,21,21,1,1.8,1.2,NaN
20231031,10,21,21,1,1.8,1.2,NaN
20231101,10,21,21,1,1.8,1.2,NaN
20231102,10,21,21,1,1.8,1.2,NaN
20231103,10,21,21,1,1.8,1.2,NaN
20231104,10,21,21,1,1.8,1.2,NaN
20231105,10,21,21,1,1.8,1.2,NaN
20231106,10,21,21,1,1.8,1.2,NaN
20231107,10,21,21,1,1.8,1.2,NaN
20231108,10,21,21,1,1.8,1.2,NaN
20231109,10,21,21,1,1.8,1.2,NaN
20231110,10,21,21,1,1.8,1.2,NaN
20231111,10,21,21,1,1.8,1.2,NaN
20231112,10,21,21,1,1.8,1.2,NaN
20231113,10,21,21,1,1.8,1.2,NaN
20231114,10,21,21,1,1.8,1.2,NaN
20231115,10,21,21,1,1.8,1.2,NaN
20231116,10,21,21,1,1.8,1.2,NaN
20231117,10,21,21,1,1.8,1.2,NaN
20231118,10,21,21,1,1.8,1.2,NaN
20231119,10,21,21,1,1.8,1.2,NaN
20231120,10,21,21,1,1.8,1.2,NaN
20231121,10,21,21,1,1.8,1.2,NaN
20231122,10,21,21,1,1.8,1.2,NaN
20231123,10,21,21,1,1.8,1.2,NaN
20231124,10,21,21,1,1.8,1.2,NaN
20231125,10,21,21,1,1.8,1.2,NaN
20231126,10,21,21,1,1.8,1.2,NaN
20231127,10,21,21,1,1.8,1.2,NaN
20231128,10,21,21,1,1.8,1.2,NaN
20231129,10,21,21,1,1.8,1.2,NaN
20231130,10,21,21,1,1.8,1.2,NaN
20231201,10,21,21,1,1.8,1.2,NaN
20231202,10,21,21,1,1.8,1.2,NaN
20231203,10,21,21,1,1.8,1.2,NaN
20231204,10,21,21,1,1.8,1.2,NaN
20231205,10,21,21,1,1.8,1.2,NaN
20231206,10,21,21,1,1.8,1.2,NaN
20231207,10,21,21,1,1.8,1.2,NaN
20231208,10,21,21,1,1.8,1.2,NaN
20231209,10,21,21,1,1.8,1.2,NaN
20231210,10,21,21,1,1.8,1.2,NaN
20231211,10,21,21,1,1.8,1.2,NaN
20231212,10,21,21,1,1.8,1.2,NaN
20231213,10,21,21,1,1.8,1.2,NaN
20231214,10,21,21,1,1.8,1.2,NaN
20231215,10,21,21,1,1.8,1.2,NaN
20231216,10,21,21,1,1.8,1.2,NaN
20231217,10,21,21,1,1.8,1.2,NaN
20231218,10,21,21,1,1.8,1.2,NaN
20231219,10,21,21,1,1.8,1.2,NaN
20231220,10,21,21,1,1.8,1.2,NaN
20231221,10,21,21,1,1.8,1.2,NaN
20231222,10,21,21,1,1.8,1.2,NaN
20231223,10,21,21,1,1.8,1.2,NaN
20231224,10,21,21,1,1.8,1.2,NaN
20231225,10,21,21,1,1.8,1.2,NaN
20231226,10,21,21,1,1.8,1.2,NaN
20231227,10,21,21,1,1.8,1.2,NaN
20231228,10,21,21,1,1.8,1.2,NaN
20231229,10,21,21,1,1.8,1.2,NaN
20231230,10,21,21,1,1.8,1.2,NaN
20231231,10,21,21,1,1.8,1.2,NaN
20240101,10,21,21,1,1.8,1.2,NaN
20240102,10,21,21,1,1.8,1.2,NaN
20240103,10,21,21,1,1.8,1.2,NaN
20240104,10,21,21,1,1.8,1.2,NaN
20240105,10,21,21,1,1.8,1.2,NaN
20240106,10,21,21,1,1.8,1.2,NaN
20240107,10,21,21,1,1.8,1.2,NaN
20240108,10,21,21,1,1.8,1.2,NaN
20240109,10,21,21,1,1.8,1.2,NaN
20240110,10,21,21,1,1.8,1.2,NaN
20240111,10,21,21,1,1.8,1.2,NaN
20240112,10,21,21,1,1.8,1.2,NaN
20240113,10,21,21,1,1.8,1.2,NaN
20240114,10,21,21,1,1.8,1.2,NaN
20240115,10,21,21,1,1.8,1.2,NaN
20240116,10,21,21,1,1.8,1.2,NaN
20240117,10,21,21,1,1.8,1.2,NaN
20240118,10,21,21,1,1.8,1.2,NaN
20240119,10,21,21,1,1.8,1.2,NaN
20240120,10,21,21,1,1.8,1.2,NaN
20240121,10,21,21,1,1.8,1.2,NaN
20240122,10,21,21,1,1.8,1.2,NaN
20240123,10,21,21,1,1.8,1.2,NaN
20240124,10,21,21,1,1.8,1.2,NaN
20240125,10,21,21,1,1.8,1.2,NaN
20240126,10,21,21,1,1.8,1.2,NaN
20240127,10,21,21,1,1.8,1.2,NaN
20240128,10,21,21,1,1.8,1.2,NaN
20240129,10,21,21,1,1.8,1.2,NaN
20240130,10,21,21,1,1.8,1.2,NaN
20240131,10,21,21,1,1.8,1.2,NaN
20240201,10,21,21,1,1.8,1.2,NaN
20240202,10,21,21,1,1.8,1.2,NaN
20240203,10,21,21,1,1.8,1.2,NaN
20240204,10,21,21,1,1.8,1.2,NaN
20240205,10,21,21,1,1.8,1.2,NaN
20240206,10,21,21,1,1.8,1.2,NaN
20240207,10,21,21,1,1.8,1.2,NaN
20240208,10,21,21,1,1.8,1.2,NaN
20240209,10,21,21,1,1.8,1.2,NaN
20240210,10,21,21,1,1.8,1.2,NaN
20240211,10,21,21,1,1.8,1.2,NaN
20240212,10,21,21,1,1.8,1.2,NaN
20240213,10,21,21,1,1.8,1.2,NaN
20240214,10,21,21,1,1.8,1.2,NaN
20240215,10,21,21,1,1.8,1.2,NaN
20240216,10,21,21,1,1.8,1.2,NaN
20240217,10,21,21,1,1.8,1.2,NaN
20240218,10,21,21,1,1.8,1.2,NaN
20240219,10,21,21,1,1.8,1.2,NaN
20240220,10,21,21,1,1.8,1.2,NaN
20240221,10,21,21,1,1.8,1.2,NaN
20240222,10,21,21,1,1.8,1.2,NaN
20240223,10,21,21,1,1.8,1.2,NaN
20240224,10,21,21,1,1.8,1.2,NaN
20240225,10,21,21,1,1.8,1.2,NaN
20240226,10,21,21,1,1.8,1.2,NaN
20240227,10,21,21,1,1.8,1.2,NaN
20240228,10,21,21,1,1.8,1.2,NaN
20240229,10,21,21,1,1.8,1.2,NaN
20240301,10,21,21,1,1.8,1.2,NaN
20240302,10,21,21,1,1.8,1.2,NaN
20240303,10,21,21,1,1.8,1.2,NaN
20240304,10,21,21,1,1.8,1.2,NaN
20240305,10,21,21,1,1.8,1.2,NaN
20240306,10,21,21,1,1.8,1.2,NaN
20240307,10,21,21,1,1.8,1.2,NaN
20240308,10,21,21,1,1.8,1.2,NaN
20240309,10,21,21,1,1.8,1.2,NaN
20240310,10,21,21,1,1.8,1.2,NaN
20240311,10,21,21,1,1.8,1.2,NaN
20240312,10,21,21,1,1.8,1.2,NaN
20240313,10,21,21,1,1.8,1.2,NaN
20240314,10,21,21,1,1.8,1.2,NaN
20240315,10,21,21,1,1.8,1.2,NaN
20240316,10,21,21,1,1.8,1.2,NaN
20240317,10,21,21,1,1.8,1.2,NaN
20240318,10,21,21,1,1.8,1.2,NaN
20240319,10,21,21,1,1.8,1.2,NaN
20240320,10,21,21,1,1.8,1.2,NaN
20240321,10,21,21,1,1.8,1.2,NaN
20240322,10,21,21,1,1.8,1.2,NaN
20240323,10,21,21,1,1.8,1.2,NaN
20240324,10,21,21,1,1.8,1.2,NaN
20240325,10,21,21,1,1.8,1.2,NaN
20240326,10,21,21,1,1.8,1.2,NaN
20240327,10,21,21,1,1.8,1.2,NaN
20240328,10,21,21,1,1.8,1.2,NaN
20240329,10,21,21,1,1.8,1.2,NaN
20240330,10,21,21,1,1.8,1.2,NaN
20240331,10,21,21,1,1.8,1.2,NaN
20240401,10,21,21,1,1.8,1.2,NaN
20240402,10,21,21,1,1.8,1.2,NaN
20240403,10,21,21,1,1.8,1.2,NaN
20240404,10,21,21,1,1.8,1.2,NaN
20240405,10,21,21,1,1.8,1.2,NaN
20240406,10,21,21,1,1.8,1.2,NaN
20240407,10,21,21,1,1.8,1.2,NaN
20240408,10,21,21,1,1.8,1.2,NaN
20240409,10,21,21,1,1.8,1.2,NaN
20240410,10,21,21,1,1.8,1.2,NaN
20240411,10,21,21,1,1.8,1.2,NaN
20240412,10,21,21,1,1.8,1.2,NaN
20240413,10,21,21,1,1.8,1.2,NaN
20240414,10,21,21,1,1.8,1.2,NaN
20240415,10,21,21,1,1.8,1.2,NaN
20240416,10,21,21,1,1.8,1.2,NaN
20240417,10,21,21,1,1.8,1.2,NaN
20240418,10,21,21,1,1.8,1.2,NaN
20240419,10,21,21,1,1.8,1.2,NaN
20240420,10,21,21,1,1.8,1.2,NaN
20240421,10,21,21,1,1.8,1.2,NaN
20240422,10,21,21,1,1.8,1.2,NaN
20240423,10,21,21,1,1.8,1.2,NaN
20240424,10,21,21,1,1.8,1.2,NaN
20240425,10,21,21,1,1.8,1.2,NaN
20240426,10,21,21,1,1.8,1.2,NaN
20240427,10,21,21,1,1.8,1.2,NaN
20240428,10,21,21,1,1.8,1.2,NaN
20240429,10,21,21,1,1.8,1.2,NaN
20240430,10,21,21,1,1.8,1.2,NaN
20240501,10,21,21,1,1.8,1.2,NaN
20240502,10,21,21,1,1.8,1.2,NaN
20240503,10,21,21,1,1.8,1.2,NaN
20240504,10,21,21,1,1.8,1.2,NaN
20240505,10,21,21,1,1.8,1.2,NaN
20240506,10,21,21,1,1.8,1.2,NaN
20240507,10,21,21,1,1.8,1.2,NaN
20240508,10,21,21,1,1.8,1.2,NaN
20240509,10,21,21,1,1.8,1.2,NaN
20240510,10,21,21,1,1.8,1.2,NaN
20240511,10,21,21,1,1.8,1.2,NaN
20240512,10,21,21,1,1.8,1.2,NaN
20240513,10,21,21,1,1.8,1.2,NaN
20240514,10,21,21,1,1.8,1.2,NaN
20240515,10,21,21,1,1.8,1.2,NaN
20240516,10,21,21,1,1.8,1.2,NaN
20240517,10,21,21,1,1.8,1.2,NaN
20240518,10,21,21,1,1.8,1.2,NaN
20240519,10,21,21,1,1.8,1.2,NaN
20240520,10,21,21,1,1.8,1.2,NaN
20240521,10,21,21,1,1.8,1.2,NaN
20240522,10,21,21,1,1.8,1.2,NaN
20240523,10,21,21,1,1.8,1.2,NaN
20240524,10,21,21,1,1.8,1.2,NaN
20240525,10,21,21,1,1.8,1.2,NaN
20240526,10,21,21,1,1.8,1.2,NaN
20240527,10,21,21,1,1.8,1.2,NaN
20240528,10,21,21,1,1.8,1.2,NaN
20240529,10,21,21,1,1.8,1.2,NaN
20240530,10,21,21,1,1.8,1.2,NaN
20240531,10,21,21,1,1.8,1.2,NaN
20240601,10,21,21,1,1.8,1.2,NaN
20240602,10,21,21,1,1.8,1.2,NaN
20240603,10,21,21,1,1.8,1.2,NaN
20240604,10,21,21,1,1.8,1.2,NaN
20240605,10,21,21,1,1.8,1.2,NaN
20240606,10,21,21,1,1.8,1.2,NaN
20240607,10,21,21,1,1.8,1.2,NaN
20240608,10,21,21,1,1.8,1.2,NaN
20240609,10,21,21,1,1.8,1.2,NaN
20240610,10,21,21,1,1.8,1.2,NaN
20240611,10,21,21,1,1.8,1.2,NaN
20240612,10,21,21,1,1.8,1.2,NaN
20240613,10,21,21,1,1.8,1.2,NaN
20240614,10,21,21,1,1.8,1.2,NaN
20240615,10,21,21,1,1.8,1.2,NaN
20240616,10,21,21,1,1.8,1.2,NaN
20240617,10,21,21,1,1.8,1.2,NaN
20240618,10,21,21,1,1.8,1.2,NaN
20240619,10,21,21,1,1.8,1.2,NaN
20240620,10,21,21,1,1.8,1.2,NaN
20240621,10,21,21,1,1.8,1.2,NaN
20240622,10,21,21,1,1.8,1.2,NaN
20240623,10,21,21,1,1.8,1.2,NaN
20240624,10,21,21,1,1.8,1.2,NaN
20240625,10,21,21,1,1.8,1.2,NaN
20240626,10,21,21,1,1.8,1.2,NaN
20240627,10,21,21,1,1.8,1.2,NaN
20240628,10,21,21,1,1.8,1.2,NaN
20240629,10,21,21,1,1.8,1.2,NaN
20240630,10,21,21,1,1.8,1.2,NaN
20240701,10,21,21,1,1.8,1.2,NaN
20240702,10,21,21,1,1.8,1.2,NaN
20240703,10,21,21,1,1.8,1.2,NaN
20240704,10,21,21,1,1.8,1.2,NaN
20240705,10,21,21,1,1.8,1.2,NaN
20240706,10,21,21,1,1.8,1.2,NaN
20240707,10,21,21,1,1.8,1.2,NaN
20240708,10,21,21,1,1.8,1.2,NaN
20240709,10,21,21,1,1.8,1.2,NaN
20240710,10,21,21,1,1.8,1.2,NaN
20240711,10,21,21,1,1.8,1.2,NaN
20240712,10,21,21,1,1.8,1.2,NaN
20240713,10,21,21,1,1.8,1.2,NaN
20240714,10,21,21,1,1.8,1.2,NaN
20240715,10,21,21,1,1.8,1.2,NaN
20240716,10,21,21,1,1.8,1.2,NaN
20240717,10,21,21,1,1.8,1.2,NaN
20240718,10,21,21,1,1.8,1.2,NaN
20240719,10,21,21,1,1.8,1.2,NaN
20240720,10,21,21,1,1.8,1.2,NaN
20240721,10,21,21,1,1.8,1.2,NaN
20240722,10,21,21,1,1.8,1.2,NaN
20240723,10,21,21,1,1.8,1.2,NaN
20240724,10,21,21,1,1.8,1.2,NaN
20240725,10,21,21,1,1.8,1.2,NaN
20240726,10,21,21,1,1.8,1.2,NaN
20240727,10,21,21,1,1.8,1.2,NaN
20240728,10,21,21,1,1.8,1.2,NaN
20240729,10,21,21,1,1.8,1.2,NaN
20240730,10,21,21,1,1.8,1.2,NaN
20240731,10,21,21,1,1.8,1.2,NaN
20201109,10,21,21,1,1.8,1.2,NaN
20201110,10,21,21,1,1.8,1.2,NaN
20201111,10,21,21,1,1.8,1.2,NaN
20201112,10,21,21,1,1.8,1.2,NaN
20201113,10,21,21,1,1.8,1.2,NaN
20201114,10,21,21,1,1.8,1.2,NaN
20201115,10,21,21,1,1.8,1.2,NaN
20201116,10,21,21,1,1.8,1.2,NaN
20201117,10,21,21,1,1.8,1.2,NaN
20201118,10,21,21,1,1.8,1.2,NaN
20201119,10,21,21,1,1.8,1.2,NaN
20201120,10,21,21,1,1.8,1.2,NaN
20201121,10,21,21,1,1.8,1.2,NaN
20201122,10,21,21,1,1.8,1.2,NaN
20201123,10,21,21,1,1.8,1.2,NaN
20201124,10,21,21,1,1.8,1.2,NaN
20201125,10,21,21,1,1.8,1.2,NaN
20201126,10,21,21,1,1.8,1.2,NaN
20201127,10,21,21,1,1.8,1.2,NaN
20201128,10,21,21,1,1.8,1.2,NaN
20201129,10,21,21,1,1.8,1.2,NaN
20201130,10,21,21,1,1.8,1.2,NaN
20201201,10,21,21,1,1.8,1.2,NaN
20201202,10,21,21,1,1.8,1.2,NaN
20201203,10,21,21,1,1.8,1.2,NaN
20201204,10,21,21,1,1.8,1.2,NaN
20201205,10,21,21,1,1.8,1.2,NaN
20201206,10,21,21,1,1.8,1.2,NaN
20201207,10,21,21,1,1.8,1.2,NaN
20201208,10,21,21,1,1.8,1.2,NaN
20201209,10,21,21,1,1.8,1.2,NaN
20201210,10,21,21,1,1.8,1.2,NaN
20201211,10,21,21,1,1.8,1.2,NaN
20201212,10,21,21,1,1.8,1.2,NaN
20201213,10,21,21,1,1.8,1.2,NaN
20201214,10,21,21,1,1.8,1.2,NaN
20201215,10,21,21,1,1.8,1.2,NaN
20201216,10,21,21,1,1.8,1.2,NaN
20201217,10,21,21,1,1.8,1.2,NaN
20201218,10,21,21,1,1.8,1.2,NaN
20201219,10,21,21,1,1.8,1.2,NaN
20201220,10,21,21,1,1.8,1.2,NaN
20201221,10,21,21,1,1.8,1.2,NaN
20201222,10,21,21,1,1.8,1.2,NaN
20201223,10,21,21,1,1.8,1.2,NaN
20201224,10,21,21,1,1.8,1.2,NaN
20201225,10,21,21,1,1.8,1.2,NaN
20201226,10,21,21,1,1.8,1.2,NaN
20201227,10,21,21,1,1.8,1.2,NaN
20201228,10,21,21,1,1.8,1.2,NaN
20201229,10,21,21,1,1.8,1.2,NaN
20201230,10,21,21,1,1.8,1.2,NaN
20201231,10,21,21,1,1.8,1.2,NaN
20210101,10,21,21,1,1.8,1.2,NaN
20210102,10,21,21,1,1.8,1.2,NaN
20210103,10,21,21,1,1.8,1.2,NaN
20210104,10,21,21,1,1.8,1.2,NaN
20210105,10,21,21,1,1.8,1.2,NaN
20210106,10,21,21,1,1.8,1.2,NaN
20210107,10,21,21,1,1.8,1.2,NaN
20210108,10,21,21,1,1.8,1.2,NaN
20210109,10,21,21,1,1.8,1.2,NaN
20210110,10,21,21,1,1.8,1.2,NaN
20210111,10,21,21,1,1.8,1.2,NaN
20210112,10,21,21,1,1.8,1.2,NaN
20210113,10,21,21,1,1.8,1.2,NaN
20210114,10,21,21,1,1.8,1.2,NaN
20210115,10,21,21,1,1.8,1.2,NaN
20210116,10,21,21,1,1.8,1.2,NaN
20210117,10,21,21,1,1.8,1.2,NaN
20210118,10,21,21,1,1.8,1.2,NaN
20210119,10,21,21,1,1.8,1.2,NaN
20210120,10,21,21,1,1.8,1.2,NaN
20210121,10,21,21,1,1.8,1.2,NaN
20210122,10,21,21,1,1.8,1.2,NaN
20210123,10,21,21,1,1.8,1.2,NaN
20210124,10,21,21,1,1.8,1.2,NaN
20210125,10,21,21,1,1.8,1.2,NaN
20210126,10,21,21,1,1.8,1.2,NaN
20210127,10,21,21,1,1.8,1.2,NaN
20210128,10,21,21,1,1.8,1.2,NaN
20210129,10,21,21,1,1.8,1.2,NaN
20210130,10,21,21,1,1.8,1.2,NaN
20210131,10,21,21,1,1.8,1.2,NaN
20210201,10,21,21,1,1.8,1.2,NaN
20210202,10,21,21,1,1.8,1.2,NaN
20210203,10,21,21,1,1.8,1.2,NaN
20210204,10,21,21,1,1.8,1.2,NaN
20210205,10,21,21,1,1.8,1.2,NaN
20210206,10,21,21,1,1.8,1.2,NaN
20210207,10,21,21,1,1.8,1.2,NaN
20210208,10,21,21,1,1.8,1.2,NaN
20210209,10,21,21,1,1.8,1.2,NaN
20210210,10,21,21,1,1.8,1.2,NaN
20210211,10,21,21,1,1.8,1.2,NaN
20210212,10,21,21,1,1.8,1.2,NaN
20210213,10,21,21,1,1.8,1.2,NaN
20210214,10,21,21,1,1.8,1.2,NaN
20210215,10,21,21,1,1.8,1.2,NaN
20210216,10,21,21,1,1.8,1.2,NaN
20210217,10,21,21,1,1.8,1.2,NaN
20210218,10,21,21,1,1.8,1.2,NaN
20210219,10,21,21,1,1.8,1.2,NaN
20210220,10,21,21,1,1.8,1.2,NaN
20210221,1728,21,21,1,1.8,1.2,NaN
20210220,3197,21,21,1,1.8,1.2,NaN
20210220,3456,21,21,1,1.8,1.2,NaN
20210220,5011,21,21,1,1.8,1.2,NaN
20210220,2765,21,21,1,1.8,1.2,NaN
20210220,4666,21,21,1,1.8,1.2,NaN
20210220,2160,21,21,1,1.8,1.2,NaN
20210220,6221,21,21,1,1.8,1.2,NaN
20210220,1210,21,21,1,1.8,1.2,NaN
20210220,1555,21,21,1,1.8,1.2,NaN
20210220,3370,21,21,1,1.8,1.2,NaN
20210220,5270,21,21,1,1.8,1.2,NaN
20210220,4752,21,21,1,1.8,1.2,NaN
20210220,432,21,21,1,1.8,1.2,NaN
20041116,778,21,21,1,1.8,1.2,NaN
20041117,950,21,21,1,1.8,1.2,NaN
20041118,778,21,21,1,1.8,1.2,NaN
20041119,3197,21,21,1,1.8,1.2,NaN
20041120,3197,21,21,1,1.8,1.2,NaN
20041121,2074,21,21,1,1.8,1.2,NaN
20041122,1123,21,21,1,1.8,1.2,NaN
20041123,3456,21,21,1,1.8,1.2,NaN
20041124,4234,21,21,1,1.8,1.2,NaN
20041125,2765,21,21,1,1.8,1.2,NaN
20041126,950,21,21,1,1.8,1.2,NaN
20041127,1555,21,21,1,1.8,1.2,NaN
20041128,691,21,21,1,1.8,1.2,NaN
20041129,950,21,21,1,1.8,1.2,NaN
20041130,2160,21,21,1,1.8,1.2,NaN
20041201,173,21,21,1,1.8,1.2,NaN
20041202,4061,21,21,1,1.8,1.2,NaN
20041203,950,21,21,1,1.8,1.2,NaN
20041204,1296,21,21,1,1.8,1.2,NaN
20041205,778,21,21,1,1.8,1.2,NaN
20041206,1037,21,21,1,1.8,1.2,NaN
20041207,691,21,21,1,1.8,1.2,NaN
20041208,1469,21,21,1,1.8,1.2,NaN
20041209,1469,21,21,1,1.8,1.2,NaN
20041210,778,21,21,1,1.8,1.2,NaN
20041211,691,21,21,1,1.8,1.2,NaN
20041212,778,21,21,1,1.8,1.2,NaN
20041213,432,21,21,1,1.8,1.2,NaN
20041214,518,21,21,1,1.8,1.2,NaN
20041215,1469,21,21,1,1.8,1.2,NaN
20041216,1987,21,21,1,1.8,1.2,NaN
20041217,950,21,21,1,1.8,1.2,NaN
20041218,1814,21,21,1,1.8,1.2,NaN
20041219,3629,21,21,1,1.8,1.2,NaN
20041220,3629,21,21,1,1.8,1.2,NaN
20041221,3024,21,21,1,1.8,1.2,NaN
20041222,173,21,21,1,1.8,1.2,NaN
20041223,778,21,21,1,1.8,1.2,NaN
20041224,2765,21,21,1,1.8,1.2,NaN
20041225,2592,21,21,1,1.8,1.2,NaN
20041226,1296,21,21,1,1.8,1.2,NaN
20041227,2160,21,21,1,1.8,1.2,NaN
20041228,778,21,21,1,1.8,1.2,NaN
20041229,3197,21,21,1,1.8,1.2,NaN
20041230,259,21,21,1,1.8,1.2,NaN
20041231,432,21,21,1,1.8,1.2,NaN
20050101,1296,21,21,1,1.8,1.2,NaN
20050102,1555,21,21,1,1.8,1.2,NaN
20050103,778,21,21,1,1.8,1.2,NaN
20050104,605,21,21,1,1.8,1.2,NaN
20050105,1555,21,21,1,1.8,1.2,NaN
20050106,3283,21,21,1,1.8,1.2,NaN
20050107,778,21,21,1,1.8,1.2,NaN
20050108,1901,21,21,1,1.8,1.2,NaN
20050109,3197,21,21,1,1.8,1.2,NaN
20050110,3197,21,21,1,1.8,1.2,NaN
20050111,2592,21,21,1,1.8,1.2,NaN
20050112,3456,21,21,1,1.8,1.2,NaN
20050113,2592,21,21,1,1.8,1.2,NaN
20050114,4147,21,21,1,1.8,1.2,NaN
20050115,4838,21,21,1,1.8,1.2,NaN
20050116,4493,21,21,1,1.8,1.2,NaN
20050117,1728,21,21,1,1.8,1.2,NaN
20050118,1382,21,21,1,1.8,1.2,NaN
20050119,2765,21,21,1,1.8,1.2,NaN
20050120,1037,21,21,1,1.8,1.2,NaN
20050121,3283,21,21,1,1.8,1.2,NaN
20050122,4234,21,21,1,1.8,1.2,NaN
20050123,4234,21,21,1,1.8,1.2,NaN
20050124,4493,21,21,1,1.8,1.2,NaN
20050125,3802,21,21,1,1.8,1.2,NaN
20050126,4579,21,21,1,1.8,1.2,NaN
20050127,1901,21,21,1,1.8,1.2,NaN
20050128,1382,21,21,1,1.8,1.2,NaN
20050129,2592,21,21,1,1.8,1.2,NaN
20050130,1987,21,21,1,1.8,1.2,NaN
20050131,1469,21,21,1,1.8,1.2,NaN
20050201,3888,21,21,1,1.8,1.2,NaN
20050202,3197,21,21,1,1.8,1.2,NaN
20050203,5011,21,21,1,1.8,1.2,NaN
20050204,3715,21,21,1,1.8,1.2,NaN
20050205,6739,21,21,1,1.8,1.2,NaN
20050206,6998,21,21,1,1.8,1.2,NaN
20050207,7171,21,21,1,1.8,1.2,NaN
20050208,6566,21,21,1,1.8,1.2,NaN
20050209,5270,21,21,1,1.8,1.2,NaN
20050210,605,21,21,1,1.8,1.2,NaN
20050211,3629,21,21,1,1.8,1.2,NaN
20050212,1382,21,21,1,1.8,1.2,NaN
20050213,5098,21,21,1,1.8,1.2,NaN
20050214,4666,21,21,1,1.8,1.2,NaN
20050215,1728,21,21,1,1.8,1.2,NaN
20050216,7171,21,21,1,1.8,1.2,NaN
20050217,4147,21,21,1,1.8,1.2,NaN
20050218,1987,21,21,1,1.8,1.2,NaN
20050219,4925,21,21,1,1.8,1.2,NaN
20050220,5616,21,21,1,1.8,1.2,NaN
20050221,6480,21,21,1,1.8,1.2,NaN
20050222,4579,21,21,1,1.8,1.2,NaN
20050223,2678,21,21,1,1.8,1.2,NaN
20050224,6134,21,21,1,1.8,1.2,NaN
20050225,7171,21,21,1,1.8,1.2,NaN
20050226,1901,21,21,1,1.8,1.2,NaN
20050227,9763,21,21,1,1.8,1.2,NaN
20050228,11664,21,21,1,1.8,1.2,NaN
20050301,3197,21,21,1,1.8,1.2,NaN
20050302,3110,21,21,1,1.8,1.2,NaN
20050303,5962,21,21,1,1.8,1.2,NaN
20050304,8381,21,21,1,1.8,1.2,NaN
20050305,7171,21,21,1,1.8,1.2,NaN
20050306,10714,21,21,1,1.8,1.2,NaN
20050307,7517,21,21,1,1.8,1.2,NaN
20050308,5184,21,21,1,1.8,1.2,NaN
20050309,5875,21,21,1,1.8,1.2,NaN
20050310,9072,21,21,1,1.8,1.2,NaN
20050311,1123,21,21,1,1.8,1.2,NaN
20050312,6480,21,21,1,1.8,1.2,NaN
20050313,8122,21,21,1,1.8,1.2,NaN
20050314,5443,21,21,1,1.8,1.2,NaN
20050315,11146,21,21,1,1.8,1.2,NaN
20050316,11837,21,21,1,1.8,1.2,NaN
20050317,4579,21,21,1,1.8,1.2,NaN
20050318,2678,21,21,1,1.8,1.2,NaN
20050319,4493,21,21,1,1.8,1.2,NaN
20050320,13565,21,21,1,1.8,1.2,NaN
20050321,15120,21,21,1,1.8,1.2,NaN
20050322,9590,21,21,1,1.8,1.2,NaN
20050323,15120,21,21,1,1.8,1.2,NaN
20050324,11059,21,21,1,1.8,1.2,NaN
20050325,11146,21,21,1,1.8,1.2,NaN
20050326,11664,21,21,1,1.8,1.2,NaN
20050327,9504,21,21,1,1.8,1.2,NaN
20050328,6653,21,21,1,1.8,1.2,NaN
20050329,7690,21,21,1,1.8,1.2,NaN
20050330,9590,21,21,1,1.8,1.2,NaN
20050331,15984,21,21,1,1.8,1.2,NaN
20050401,17626,21,21,1,1.8,1.2,NaN
20050402,19267,21,21,1,1.8,1.2,NaN
20050403,17798,21,21,1,1.8,1.2,NaN
20050404,14083,21,21,1,1.8,1.2,NaN
20050405,16070,21,21,1,1.8,1.2,NaN
20050406,9504,21,21,1,1.8,1.2,NaN
20050407,11578,21,21,1,1.8,1.2,NaN
20050408,13392,21,21,1,1.8,1.2,NaN
20050409,12701,21,21,1,1.8,1.2,NaN
20050410,8122,21,21,1,1.8,1.2,NaN
20050411,18144,21,21,1,1.8,1.2,NaN
20050412,15898,21,21,1,1.8,1.2,NaN
20050413,5875,21,21,1,1.8,1.2,NaN
20050414,11232,21,21,1,1.8,1.2,NaN
20050415,12701,21,21,1,1.8,1.2,NaN
20050416,4147,21,21,1,1.8,1.2,NaN
20050417,19008,21,21,1,1.8,1.2,NaN
20050418,10886,21,21,1,1.8,1.2,NaN
20050419,5875,21,21,1,1.8,1.2,NaN
20050420,14342,21,21,1,1.8,1.2,NaN
20050421,22378,21,21,1,1.8,1.2,NaN
20050422,22723,21,21,1,1.8,1.2,NaN
20050423,22637,21,21,1,1.8,1.2,NaN
20050424,17885,21,21,1,1.8,1.2,NaN
20050425,15638,21,21,1,1.8,1.2,NaN
20050426,8986,21,21,1,1.8,1.2,NaN
20050427,18576,21,21,1,1.8,1.2,NaN
20050428,15552,21,21,1,1.8,1.2,NaN
20050429,11405,21,21,1,1.8,1.2,NaN
20050430,9850,21,21,1,1.8,1.2,NaN
20050501,20045,21,21,1,1.8,1.2,NaN
20050502,7776,21,21,1,1.8,1.2,NaN
20050503,8986,21,21,1,1.8,1.2,NaN
20050504,10195,21,21,1,1.8,1.2,NaN
20050505,16330,21,21,1,1.8,1.2,NaN
20050506,15898,21,21,1,1.8,1.2,NaN
20050507,9677,21,21,1,1.8,1.2,NaN
20050508,17971,21,21,1,1.8,1.2,NaN
20050509,17194,21,21,1,1.8,1.2,NaN
20050510,17021,21,21,1,1.8,1.2,NaN
20050511,19958,21,21,1,1.8,1.2,NaN
20050512,22810,21,21,1,1.8,1.2,NaN
20050513,18662,21,21,1,1.8,1.2,NaN
20050514,21859,21,21,1,1.8,1.2,NaN
20050515,14083,21,21,1,1.8,1.2,NaN
20050516,12096,21,21,1,1.8,1.2,NaN
20050517,19699,21,21,1,1.8,1.2,NaN
20050518,24710,21,21,1,1.8,1.2,NaN
20050519,20045,21,21,1,1.8,1.2,NaN
20050520,12960,21,21,1,1.8,1.2,NaN
20050521,20822,21,21,1,1.8,1.2,NaN
20050522,26006,21,21,1,1.8,1.2,NaN
20050523,23414,21,21,1,1.8,1.2,NaN
20050524,14515,21,21,1,1.8,1.2,NaN
20050525,22896,21,21,1,1.8,1.2,NaN
20050526,23933,21,21,1,1.8,1.2,NaN
20050527,26698,21,21,1,1.8,1.2,NaN
20050528,26093,21,21,1,1.8,1.2,NaN
20050529,20650,21,21,1,1.8,1.2,NaN
20050530,4666,21,21,1,1.8,1.2,NaN
20050531,20995,21,21,1,1.8,1.2,NaN
20050601,26611,21,21,1,1.8,1.2,NaN
20050602,8899,21,21,1,1.8,1.2,NaN
20050603,18662,21,21,1,1.8,1.2,NaN
20050604,11578,21,21,1,1.8,1.2,NaN
20050605,11232,21,21,1,1.8,1.2,NaN
20050606,13219,21,21,1,1.8,1.2,NaN
20050607,15811,21,21,1,1.8,1.2,NaN
20050608,27043,21,21,1,1.8,1.2,NaN
20050609,24797,21,21,1,1.8,1.2,NaN
20050610,23414,21,21,1,1.8,1.2,NaN
20050611,17539,21,21,1,1.8,1.2,NaN
20050612,13651,21,21,1,1.8,1.2,NaN
20050613,20909,21,21,1,1.8,1.2,NaN
20050614,29030,21,21,1,1.8,1.2,NaN
20050615,22464,21,21,1,1.8,1.2,NaN
20050616,21773,21,21,1,1.8,1.2,NaN
20050617,10800,21,21,1,1.8,1.2,NaN
20050618,28771,21,21,1,1.8,1.2,NaN
20050619,29635,21,21,1,1.8,1.2,NaN
20050620,27821,21,21,1,1.8,1.2,NaN
20050621,22896,21,21,1,1.8,1.2,NaN
20050622,19958,21,21,1,1.8,1.2,NaN
20050623,27994,21,21,1,1.8,1.2,NaN
20050624,26266,21,21,1,1.8,1.2,NaN
20050625,8467,21,21,1,1.8,1.2,NaN
20050626,25402,21,21,1,1.8,1.2,NaN
20050627,27734,21,21,1,1.8,1.2,NaN
20050628,29203,21,21,1,1.8,1.2,NaN
20050629,16157,21,21,1,1.8,1.2,NaN
20050630,13306,21,21,1,1.8,1.2,NaN
20050701,16934,21,21,1,1.8,1.2,NaN
20050702,8813,21,21,1,1.8,1.2,NaN
20050703,22723,21,21,1,1.8,1.2,NaN
20050704,10800,21,21,1,1.8,1.2,NaN
20050705,15206,21,21,1,1.8,1.2,NaN
20050706,10627,21,21,1,1.8,1.2,NaN
20050707,16934,21,21,1,1.8,1.2,NaN
20050708,9763,21,21,1,1.8,1.2,NaN
20050709,23242,21,21,1,1.8,1.2,NaN
20050710,24451,21,21,1,1.8,1.2,NaN
20050711,24451,21,21,1,1.8,1.2,NaN
20050712,24365,21,21,1,1.8,1.2,NaN
20050713,25834,21,21,1,1.8,1.2,NaN
20050714,25661,21,21,1,1.8,1.2,NaN
20050715,22291,21,21,1,1.8,1.2,NaN
20050716,20045,21,21,1,1.8,1.2,NaN
20050717,20390,21,21,1,1.8,1.2,NaN
20050718,17194,21,21,1,1.8,1.2,NaN
20050719,19267,21,21,1,1.8,1.2,NaN
20050720,14256,21,21,1,1.8,1.2,NaN
20050721,7430,21,21,1,1.8,1.2,NaN
20050722,7776,21,21,1,1.8,1.2,NaN
20050723,12096,21,21,1,1.8,1.2,NaN
20050724,15034,21,21,1,1.8,1.2,NaN
20050725,10368,21,21,1,1.8,1.2,NaN
20050726,11059,21,21,1,1.8,1.2,NaN
20050727,8986,21,21,1,1.8,1.2,NaN
20050728,20131,21,21,1,1.8,1.2,NaN
20050729,14429,21,21,1,1.8,1.2,NaN
20050730,14861,21,21,1,1.8,1.2,NaN
20050731,7690,21,21,1,1.8,1.2,NaN
20050801,13133,21,21,1,1.8,1.2,NaN
20050802,22291,21,21,1,1.8,1.2,NaN
20050803,15638,21,21,1,1.8,1.2,NaN
20050804,23242,21,21,1,1.8,1.2,NaN
20050805,7258,21,21,1,1.8,1.2,NaN
20050806,14256,21,21,1,1.8,1.2,NaN
20050807,18144,21,21,1,1.8,1.2,NaN
20050808,14256,21,21,1,1.8,1.2,NaN
20050809,13392,21,21,1,1.8,1.2,NaN
20050810,14342,21,21,1,1.8,1.2,NaN
20050811,12701,21,21,1,1.8,1.2,NaN
20050812,8035,21,21,1,1.8,1.2,NaN
20050813,15293,21,21,1,1.8,1.2,NaN
20050814,13392,21,21,1,1.8,1.2,NaN
20050815,7517,21,21,1,1.8,1.2,NaN
20050816,16243,21,21,1,1.8,1.2,NaN
20050817,22723,21,21,1,1.8,1.2,NaN
20050818,21427,21,21,1,1.8,1.2,NaN
20050819,12960,21,21,1,1.8,1.2,NaN
20050820,11405,21,21,1,1.8,1.2,NaN
20050821,14170,21,21,1,1.8,1.2,NaN
20050822,10627,21,21,1,1.8,1.2,NaN
20050823,7690,21,21,1,1.8,1.2,NaN
20050824,17107,21,21,1,1.8,1.2,NaN
20050825,8122,21,21,1,1.8,1.2,NaN
20050826,14170,21,21,1,1.8,1.2,NaN
20050827,10800,21,21,1,1.8,1.2,NaN
20050828,19440,21,21,1,1.8,1.2,NaN
20050829,20045,21,21,1,1.8,1.2,NaN
20050830,19786,21,21,1,1.8,1.2,NaN
20050831,19699,21,21,1,1.8,1.2,NaN
20050901,10195,21,21,1,1.8,1.2,NaN
20050902,18230,21,21,1,1.8,1.2,NaN
20050903,11232,21,21,1,1.8,1.2,NaN
20050904,18749,21,21,1,1.8,1.2,NaN
20050905,19181,21,21,1,1.8,1.2,NaN
20050906,13910,21,21,1,1.8,1.2,NaN
20050907,14342,21,21,1,1.8,1.2,NaN
20050908,16675,21,21,1,1.8,1.2,NaN
20050909,12182,21,21,1,1.8,1.2,NaN
20050910,11232,21,21,1,1.8,1.2,NaN
20050911,3197,21,21,1,1.8,1.2,NaN
20050912,9158,21,21,1,1.8,1.2,NaN
20050913,15120,21,21,1,1.8,1.2,NaN
20050914,4666,21,21,1,1.8,1.2,NaN
20050915,5011,21,21,1,1.8,1.2,NaN
20050916,13738,21,21,1,1.8,1.2,NaN
20050917,14083,21,21,1,1.8,1.2,NaN
20050918,16589,21,21,1,1.8,1.2,NaN
20050919,16070,21,21,1,1.8,1.2,NaN
20050920,15120,21,21,1,1.8,1.2,NaN
20050921,14861,21,21,1,1.8,1.2,NaN
20050922,14602,21,21,1,1.8,1.2,NaN
20050923,13565,21,21,1,1.8,1.2,NaN
20050924,10541,21,21,1,1.8,1.2,NaN
20050925,9936,21,21,1,1.8,1.2,NaN
20050926,7949,21,21,1,1.8,1.2,NaN
20050927,3974,21,21,1,1.8,1.2,NaN
20050928,12528,21,21,1,1.8,1.2,NaN
20050929,10282,21,21,1,1.8,1.2,NaN
20050930,4061,21,21,1,1.8,1.2,NaN
20051001,9418,21,21,1,1.8,1.2,NaN
20051002,11837,21,21,1,1.8,1.2,NaN
20051003,9245,21,21,1,1.8,1.2,NaN
20051004,5702,21,21,1,1.8,1.2,NaN
20051005,10109,21,21,1,1.8,1.2,NaN
20051006,8813,21,21,1,1.8,1.2,NaN
20051007,10714,21,21,1,1.8,1.2,NaN
20051008,5962,21,21,1,1.8,1.2,NaN
20051009,4234,21,21,1,1.8,1.2,NaN
20051010,10282,21,21,1,1.8,1.2,NaN
20051011,10282,21,21,1,1.8,1.2,NaN
20051012,10282,21,21,1,1.8,1.2,NaN
20051013,10109,21,21,1,1.8,1.2,NaN
20051014,7085,21,21,1,1.8,1.2,NaN
20051015,9850,21,21,1,1.8,1.2,NaN
20051016,10195,21,21,1,1.8,1.2,NaN
20051017,10541,21,21,1,1.8,1.2,NaN
20051018,10022,21,21,1,1.8,1.2,NaN
20051019,2074,21,21,1,1.8,1.2,NaN
20051020,6826,21,21,1,1.8,1.2,NaN
20051021,2160,21,21,1,1.8,1.2,NaN
20051022,3197,21,21,1,1.8,1.2,NaN
20051023,4493,21,21,1,1.8,1.2,NaN
20051024,691,21,21,1,1.8,1.2,NaN
20051025,1814,21,21,1,1.8,1.2,NaN
20051026,6134,21,21,1,1.8,1.2,NaN
20051027,7603,21,21,1,1.8,1.2,NaN
20051028,5789,21,21,1,1.8,1.2,NaN
20051029,5702,21,21,1,1.8,1.2,NaN
20051030,7517,21,21,1,1.8,1.2,NaN
20051031,6134,21,21,1,1.8,1.2,NaN
20051101,5530,21,21,1,1.8,1.2,NaN
20051102,1210,21,21,1,1.8,1.2,NaN
20051103,5616,21,21,1,1.8,1.2,NaN
20051104,2851,21,21,1,1.8,1.2,NaN
20051105,4234,21,21,1,1.8,1.2,NaN
20051106,6480,21,21,1,1.8,1.2,NaN
20051107,1987,21,21,1,1.8,1.2,NaN
20051108,5098,21,21,1,1.8,1.2,NaN
20051109,2246,21,21,1,1.8,1.2,NaN
20051110,4234,21,21,1,1.8,1.2,NaN
20051111,1987,21,21,1,1.8,1.2,NaN
20051112,1728,21,21,1,1.8,1.2,NaN
20051113,4925,21,21,1,1.8,1.2,NaN
20051114,5270,21,21,1,1.8,1.2,NaN
20051115,518,21,21,1,1.8,1.2,NaN
20051116,3456,21,21,1,1.8,1.2,NaN
20051117,3888,21,21,1,1.8,1.2,NaN
20051118,5098,21,21,1,1.8,1.2,NaN
20051119,2938,21,21,1,1.8,1.2,NaN
20051120,1296,21,21,1,1.8,1.2,NaN
20051121,2333,21,21,1,1.8,1.2,NaN
20051122,2419,21,21,1,1.8,1.2,NaN
20051123,1555,21,21,1,1.8,1.2,NaN
20051124,605,21,21,1,1.8,1.2,NaN
20051125,86,21,21,1,1.8,1.2,NaN
20051126,432,21,21,1,1.8,1.2,NaN
20051127,2419,21,21,1,1.8,1.2,NaN
20051128,1296,21,21,1,1.8,1.2,NaN
20051129,1555,21,21,1,1.8,1.2,NaN
20051130,2765,21,21,1,1.8,1.2,NaN
20051201,3974,21,21,1,1.8,1.2,NaN
20051202,1469,21,21,1,1.8,1.2,NaN
20051203,950,21,21,1,1.8,1.2,NaN
20051204,2333,21,21,1,1.8,1.2,NaN
20051205,1382,21,21,1,1.8,1.2,NaN
20051206,518,21,21,1,1.8,1.2,NaN
20051207,2678,21,21,1,1.8,1.2,NaN
20051208,2592,21,21,1,1.8,1.2,NaN
20051209,2678,21,21,1,1.8,1.2,NaN
20051210,1728,21,21,1,1.8,1.2,NaN
20051211,432,21,21,1,1.8,1.2,NaN
20051212,1814,21,21,1,1.8,1.2,NaN
20051213,778,21,21,1,1.8,1.2,NaN
20051214,2851,21,21,1,1.8,1.2,NaN
20051215,1382,21,21,1,1.8,1.2,NaN
20051216,1728,21,21,1,1.8,1.2,NaN
20051217,2333,21,21,1,1.8,1.2,NaN
20051218,3197,21,21,1,1.8,1.2,NaN
20051219,2246,21,21,1,1.8,1.2,NaN
20051220,605,21,21,1,1.8,1.2,NaN
20051221,1210,21,21,1,1.8,1.2,NaN
20051222,1728,21,21,1,1.8,1.2,NaN
20051223,864,21,21,1,1.8,1.2,NaN
20051224,1469,21,21,1,1.8,1.2,NaN
20051225,3715,21,21,1,1.8,1.2,NaN
20051226,2592,21,21,1,1.8,1.2,NaN
20051227,1642,21,21,1,1.8,1.2,NaN
20051228,3197,21,21,1,1.8,1.2,NaN
20051229,3024,21,21,1,1.8,1.2,NaN
20051230,2246,21,21,1,1.8,1.2,NaN
20051231,691,21,21,1,1.8,1.2,NaN
20060101,605,21,21,1,1.8,1.2,NaN
20060102,1382,21,21,1,1.8,1.2,NaN
20060103,3197,21,21,1,1.8,1.2,NaN
20060104,1210,21,21,1,1.8,1.2,NaN
20060105,518,21,21,1,1.8,1.2,NaN
20060106,864,21,21,1,1.8,1.2,NaN
20060107,2333,21,21,1,1.8,1.2,NaN
20060108,1123,21,21,1,1.8,1.2,NaN
20060109,3802,21,21,1,1.8,1.2,NaN
20060110,2333,21,21,1,1.8,1.2,NaN
20060111,432,21,21,1,1.8,1.2,NaN
20060112,1037,21,21,1,1.8,1.2,NaN
20060113,3888,21,21,1,1.8,1.2,NaN
20060114,4147,21,21,1,1.8,1.2,NaN
20060115,4320,21,21,1,1.8,1.2,NaN
20060116,3888,21,21,1,1.8,1.2,NaN
20060117,346,21,21,1,1.8,1.2,NaN
20060118,2419,21,21,1,1.8,1.2,NaN
20060119,691,21,21,1,1.8,1.2,NaN
20060120,605,21,21,1,1.8,1.2,NaN
20060121,2419,21,21,1,1.8,1.2,NaN
20060122,778,21,21,1,1.8,1.2,NaN
20060123,5443,21,21,1,1.8,1.2,NaN
20060124,4666,21,21,1,1.8,1.2,NaN
20060125,2160,21,21,1,1.8,1.2,NaN
20060126,1296,21,21,1,1.8,1.2,NaN
20060127,2938,21,21,1,1.8,1.2,NaN
20060128,5875,21,21,1,1.8,1.2,NaN
20060129,6394,21,21,1,1.8,1.2,NaN
20060130,2851,21,21,1,1.8,1.2,NaN
20060131,5443,21,21,1,1.8,1.2,NaN
20060201,2160,21,21,1,1.8,1.2,NaN
20060202,864,21,21,1,1.8,1.2,NaN
20060203,1210,21,21,1,1.8,1.2,NaN
20060204,2160,21,21,1,1.8,1.2,NaN
20060205,691,21,21,1,1.8,1.2,NaN
20060206,1210,21,21,1,1.8,1.2,NaN
20060207,1642,21,21,1,1.8,1.2,NaN
20060208,3715,21,21,1,1.8,1.2,NaN
20060209,5789,21,21,1,1.8,1.2,NaN
20060210,1210,21,21,1,1.8,1.2,NaN
20060211,1469,21,21,1,1.8,1.2,NaN
20060212,1814,21,21,1,1.8,1.2,NaN
20060213,3110,21,21,1,1.8,1.2,NaN
20060214,3629,21,21,1,1.8,1.2,NaN
20060215,1642,21,21,1,1.8,1.2,NaN
20060216,3802,21,21,1,1.8,1.2,NaN
20060217,1382,21,21,1,1.8,1.2,NaN
20060218,3888,21,21,1,1.8,1.2,NaN
20060219,5702,21,21,1,1.8,1.2,NaN
20060220,1555,21,21,1,1.8,1.2,NaN
20060221,2246,21,21,1,1.8,1.2,NaN
20060222,1296,21,21,1,1.8,1.2,NaN
20060223,7862,21,21,1,1.8,1.2,NaN
20060224,9763,21,21,1,1.8,1.2,NaN
20060225,11059,21,21,1,1.8,1.2,NaN
20060226,7171,21,21,1,1.8,1.2,NaN
20060227,3283,21,21,1,1.8,1.2,NaN
20060228,3888,21,21,1,1.8,1.2,NaN
20060301,6912,21,21,1,1.8,1.2,NaN
20060302,8640,21,21,1,1.8,1.2,NaN
20060303,6048,21,21,1,1.8,1.2,NaN
20060304,9850,21,21,1,1.8,1.2,NaN
20060305,7776,21,21,1,1.8,1.2,NaN
20060306,10627,21,21,1,1.8,1.2,NaN
20060307,9504,21,21,1,1.8,1.2,NaN
20060308,1382,21,21,1,1.8,1.2,NaN
20060309,2851,21,21,1,1.8,1.2,NaN
20060310,2678,21,21,1,1.8,1.2,NaN
20060311,3802,21,21,1,1.8,1.2,NaN
20060312,12269,21,21,1,1.8,1.2,NaN
20060313,14429,21,21,1,1.8,1.2,NaN
20060314,11664,21,21,1,1.8,1.2,NaN
20060315,14170,21,21,1,1.8,1.2,NaN
20060316,2851,21,21,1,1.8,1.2,NaN
20060317,4320,21,21,1,1.8,1.2,NaN
20060318,14170,21,21,1,1.8,1.2,NaN
20060319,10800,21,21,1,1.8,1.2,NaN
20060320,11578,21,21,1,1.8,1.2,NaN
20060321,14256,21,21,1,1.8,1.2,NaN
20060322,9936,21,21,1,1.8,1.2,NaN
20060323,17194,21,21,1,1.8,1.2,NaN
20060324,6480,21,21,1,1.8,1.2,NaN
20060325,7862,21,21,1,1.8,1.2,NaN
20060326,11146,21,21,1,1.8,1.2,NaN
20060327,7862,21,21,1,1.8,1.2,NaN
20060328,11923,21,21,1,1.8,1.2,NaN
20060329,8986,21,21,1,1.8,1.2,NaN
20060330,7690,21,21,1,1.8,1.2,NaN
20060331,9677,21,21,1,1.8,1.2,NaN
20060401,10800,21,21,1,1.8,1.2,NaN
20060402,8726,21,21,1,1.8,1.2,NaN
20060403,9677,21,21,1,1.8,1.2,NaN
20060404,12096,21,21,1,1.8,1.2,NaN
20060405,16502,21,21,1,1.8,1.2,NaN
20060406,13306,21,21,1,1.8,1.2,NaN
20060407,9850,21,21,1,1.8,1.2,NaN
20060408,7430,21,21,1,1.8,1.2,NaN
20060409,19008,21,21,1,1.8,1.2,NaN
20060410,16157,21,21,1,1.8,1.2,NaN
20060411,11664,21,21,1,1.8,1.2,NaN
20060412,8035,21,21,1,1.8,1.2,NaN
20060413,5962,21,21,1,1.8,1.2,NaN
20060414,14515,21,21,1,1.8,1.2,NaN
20060415,8899,21,21,1,1.8,1.2,NaN
20060416,13219,21,21,1,1.8,1.2,NaN
20060417,12874,21,21,1,1.8,1.2,NaN
20060418,12874,21,21,1,1.8,1.2,NaN
20060419,14774,21,21,1,1.8,1.2,NaN
20060420,15552,21,21,1,1.8,1.2,NaN
20060421,14861,21,21,1,1.8,1.2,NaN
20060422,4925,21,21,1,1.8,1.2,NaN
20060423,12960,21,21,1,1.8,1.2,NaN
20060424,17453,21,21,1,1.8,1.2,NaN
20060425,20131,21,21,1,1.8,1.2,NaN
20060426,8035,21,21,1,1.8,1.2,NaN
20060427,22032,21,21,1,1.8,1.2,NaN
20060428,17107,21,21,1,1.8,1.2,NaN
20060429,9158,21,21,1,1.8,1.2,NaN
20060430,15034,21,21,1,1.8,1.2,NaN
20060501,8208,21,21,1,1.8,1.2,NaN
20060502,20304,21,21,1,1.8,1.2,NaN
20060503,18490,21,21,1,1.8,1.2,NaN
20060504,20822,21,21,1,1.8,1.2,NaN
20060505,22550,21,21,1,1.8,1.2,NaN
20060506,22810,21,21,1,1.8,1.2,NaN
20060507,20822,21,21,1,1.8,1.2,NaN
20060508,20650,21,21,1,1.8,1.2,NaN
20060509,23846,21,21,1,1.8,1.2,NaN
20060510,26006,21,21,1,1.8,1.2,NaN
20060511,25402,21,21,1,1.8,1.2,NaN
20060512,23069,21,21,1,1.8,1.2,NaN
20060513,21254,21,21,1,1.8,1.2,NaN
20060514,19699,21,21,1,1.8,1.2,NaN
20060515,15811,21,21,1,1.8,1.2,NaN
20060516,12442,21,21,1,1.8,1.2,NaN
20060517,17712,21,21,1,1.8,1.2,NaN
20060518,16502,21,21,1,1.8,1.2,NaN
20060519,5443,21,21,1,1.8,1.2,NaN
20060520,8640,21,21,1,1.8,1.2,NaN
20060521,10973,21,21,1,1.8,1.2,NaN
20060522,14429,21,21,1,1.8,1.2,NaN
20060523,16243,21,21,1,1.8,1.2,NaN
20060524,14342,21,21,1,1.8,1.2,NaN
20060525,8294,21,21,1,1.8,1.2,NaN
20060526,5530,21,21,1,1.8,1.2,NaN
20060527,4234,21,21,1,1.8,1.2,NaN
20060528,18490,21,21,1,1.8,1.2,NaN
20060529,17194,21,21,1,1.8,1.2,NaN
20060530,18230,21,21,1,1.8,1.2,NaN
20060531,8381,21,21,1,1.8,1.2,NaN
20060601,15379,21,21,1,1.8,1.2,NaN
20060602,28426,21,21,1,1.8,1.2,NaN
20060603,15466,21,21,1,1.8,1.2,NaN
20060604,23328,21,21,1,1.8,1.2,NaN
20060605,20390,21,21,1,1.8,1.2,NaN
20060606,26957,21,21,1,1.8,1.2,NaN
20060607,21946,21,21,1,1.8,1.2,NaN
20060608,28253,21,21,1,1.8,1.2,NaN
20060609,27475,21,21,1,1.8,1.2,NaN
20060610,27994,21,21,1,1.8,1.2,NaN
20060611,29203,21,21,1,1.8,1.2,NaN
20060612,29635,21,21,1,1.8,1.2,NaN
20060613,26093,21,21,1,1.8,1.2,NaN
20060614,13997,21,21,1,1.8,1.2,NaN
20060615,3888,21,21,1,1.8,1.2,NaN
20060616,16762,21,21,1,1.8,1.2,NaN
20060617,28426,21,21,1,1.8,1.2,NaN
20060618,22982,21,21,1,1.8,1.2,NaN
20060619,22291,21,21,1,1.8,1.2,NaN
20060620,21082,21,21,1,1.8,1.2,NaN
20060621,6048,21,21,1,1.8,1.2,NaN
20060622,12528,21,21,1,1.8,1.2,NaN
20060623,15552,21,21,1,1.8,1.2,NaN
20060624,20131,21,21,1,1.8,1.2,NaN
20060625,7344,21,21,1,1.8,1.2,NaN
20060626,4147,21,21,1,1.8,1.2,NaN
20060627,12874,21,21,1,1.8,1.2,NaN
20060628,24883,21,21,1,1.8,1.2,NaN
20060629,26870,21,21,1,1.8,1.2,NaN
20060630,27562,21,21,1,1.8,1.2,NaN
20060701,2.756097527,21,21,1,1.8,1.2,NaN
20060702,9.570322,21,21,1,1.8,1.2,NaN
20060703,4.235185495,21,21,1,1.8,1.2,NaN
20060704,8.948562236,21,21,1,1.8,1.2,NaN
20060705,7.274305168,21,21,1,1.8,1.2,NaN
20060706,5.272136383,21,21,1,1.8,1.2,NaN
20060707,9.005382569,21,21,1,1.8,1.2,NaN
20060708,7.799465414,21,21,1,1.8,1.2,NaN
20060709,8.431030107,21,21,1,1.8,1.2,NaN
20060710,6.193542029,21,21,1,1.8,1.2,NaN
20060711,2.471483638,21,21,1,1.8,1.2,NaN
20060712,1.760927795,21,21,1,1.8,1.2,NaN
20060713,6.105559929,21,21,1,1.8,1.2,NaN
20060714,7.191616585,21,21,1,1.8,1.2,NaN
20060715,7.582658149,21,21,1,1.8,1.2,NaN
20060716,2.99117415,21,21,1,1.8,1.2,NaN
20060717,9.474899542,21,21,1,1.8,1.2,NaN
20060718,9.7004183,21,21,1,1.8,1.2,NaN
20060719,10.14089855,21,21,1,1.8,1.2,NaN
20060720,4.031310684,21,21,1,1.8,1.2,NaN
20060721,10.34449931,21,21,1,1.8,1.2,NaN
20060722,8.267700928,21,21,1,1.8,1.2,NaN
20060723,10.63130488,21,21,1,1.8,1.2,NaN
20060724,0.841476263,21,21,1,1.8,1.2,NaN
20060725,4.884255193,21,21,1,1.8,1.2,NaN
20060726,8.942099703,21,21,1,1.8,1.2,NaN
20060727,10.19869004,21,21,1,1.8,1.2,NaN
20060728,5.922169511,21,21,1,1.8,1.2,NaN
20060729,3.875881844,21,21,1,1.8,1.2,NaN
20060730,9.641815812,21,21,1,1.8,1.2,NaN
20060731,11.67947735,21,21,1,1.8,1.2,NaN
20060801,2.302249484,21,21,1,1.8,1.2,NaN
20060802,9.941168313,21,21,1,1.8,1.2,NaN
20060803,9.731385503,21,21,1,1.8,1.2,NaN
20060804,12.07805256,21,21,1,1.8,1.2,NaN
20060805,10.04973312,21,21,1,1.8,1.2,NaN
20060806,4.356809848,21,21,1,1.8,1.2,NaN
20060807,12.36786691,21,21,1,1.8,1.2,NaN
20060808,9.68791306,21,21,1,1.8,1.2,NaN
20060809,10.57915133,21,21,1,1.8,1.2,NaN
20060810,9.082548524,21,21,1,1.8,1.2,NaN
20060811,3.853238051,21,21,1,1.8,1.2,NaN
20060812,12.78066281,21,21,1,1.8,1.2,NaN
20060813,12.63888536,21,21,1,1.8,1.2,NaN
20060814,12.35378526,21,21,1,1.8,1.2,NaN
20060815,4.543386273,21,21,1,1.8,1.2,NaN
20060816,6.808840683,21,21,1,1.8,1.2,NaN
20060817,1.566127765,21,21,1,1.8,1.2,NaN
20060818,5.323120951,21,21,1,1.8,1.2,NaN
20060819,9.808140784,21,21,1,1.8,1.2,NaN
20060820,4.363021847,21,21,1,1.8,1.2,NaN
20060821,1.646223084,21,21,1,1.8,1.2,NaN
20060822,2.260766177,21,21,1,1.8,1.2,NaN
20060823,7.221605819,21,21,1,1.8,1.2,NaN
20060824,12.70822476,21,21,1,1.8,1.2,NaN
20060825,7.107418993,21,21,1,1.8,1.2,NaN
20060826,9.274067518,21,21,1,1.8,1.2,NaN
20060827,12.03919071,21,21,1,1.8,1.2,NaN
20060828,8.731349708,21,21,1,1.8,1.2,NaN
20060829,13.96744526,21,21,1,1.8,1.2,NaN
20060830,7.858065217,21,21,1,1.8,1.2,NaN
20060831,12.84785973,21,21,1,1.8,1.2,NaN
20060901,12.50330499,21,21,1,1.8,1.2,NaN
20060902,8.170525489,21,21,1,1.8,1.2,NaN
20060903,14.50602883,21,21,1,1.8,1.2,NaN
20060904,10.70498819,21,21,1,1.8,1.2,NaN
20060905,16.4701935,21,21,1,1.8,1.2,NaN
20060906,12.27184772,21,21,1,1.8,1.2,NaN
20060907,4.756917188,21,21,1,1.8,1.2,NaN
20060908,4.015551264,21,21,1,1.8,1.2,NaN
20060909,5.456151615,21,21,1,1.8,1.2,NaN
20060910,2.526428824,21,21,1,1.8,1.2,NaN
20060911,11.62649783,21,21,1,1.8,1.2,NaN
20060912,15.33261796,21,21,1,1.8,1.2,NaN
20060913,14.67296144,21,21,1,1.8,1.2,NaN
20060914,14.54932694,21,21,1,1.8,1.2,NaN
20060915,18.53440655,21,21,1,1.8,1.2,NaN
20060916,5.081600655,21,21,1,1.8,1.2,NaN
20060917,15.41969075,21,21,1,1.8,1.2,NaN
20060918,18.67231189,21,21,1,1.8,1.2,NaN
20060919,4.856869457,21,21,1,1.8,1.2,NaN
20060920,17.00034001,21,21,1,1.8,1.2,NaN
20060921,17.24697557,21,21,1,1.8,1.2,NaN
20060922,14.29166829,21,21,1,1.8,1.2,NaN
20060923,4.580722705,21,21,1,1.8,1.2,NaN
20060924,14.9100481,21,21,1,1.8,1.2,NaN
20060925,11.65590786,21,21,1,1.8,1.2,NaN
20060926,17.94178288,21,21,1,1.8,1.2,NaN
20060927,3.307924697,21,21,1,1.8,1.2,NaN
20060928,12.41329218,21,21,1,1.8,1.2,NaN
20060929,19.20668595,21,21,1,1.8,1.2,NaN
20060930,18.18881535,21,21,1,1.8,1.2,NaN
20061001,3.226672998,21,21,1,1.8,1.2,NaN
20061002,17.6541175,21,21,1,1.8,1.2,NaN
20061003,2.066711253,21,21,1,1.8,1.2,NaN
20061004,10.77933935,21,21,1,1.8,1.2,NaN
20061005,20.62195301,21,21,1,1.8,1.2,NaN
20061006,16.17682563,21,21,1,1.8,1.2,NaN
20061007,5.78716687,21,21,1,1.8,1.2,NaN
20061008,18.00744236,21,21,1,1.8,1.2,NaN
20061009,16.83456662,21,21,1,1.8,1.2,NaN
20061010,19.92628445,21,21,1,1.8,1.2,NaN
20061011,15.16372963,21,21,1,1.8,1.2,NaN
20061012,19.36898863,21,21,1,1.8,1.2,NaN
20061013,19.91853374,21,21,1,1.8,1.2,NaN
20061014,21.20461085,21,21,1,1.8,1.2,NaN
20061015,12.42460917,21,21,1,1.8,1.2,NaN
20061016,22.86515854,21,21,1,1.8,1.2,NaN
20061017,21.91757987,21,21,1,1.8,1.2,NaN
20061018,24.2725107,21,21,1,1.8,1.2,NaN
20061019,21.71438056,21,21,1,1.8,1.2,NaN
20061020,3.87703039,21,21,1,1.8,1.2,NaN
20061021,6.004727282,21,21,1,1.8,1.2,NaN
20061022,20.35827929,21,21,1,1.8,1.2,NaN
20061023,6.612950669,21,21,1,1.8,1.2,NaN
20061024,3.556281452,21,21,1,1.8,1.2,NaN
20061025,3.148484694,21,21,1,1.8,1.2,NaN
20061026,18.66574765,21,21,1,1.8,1.2,NaN
20061027,19.27617702,21,21,1,1.8,1.2,NaN
20061028,21.82508008,21,21,1,1.8,1.2,NaN
20061029,23.00554116,21,21,1,1.8,1.2,NaN
20061030,23.39929132,21,21,1,1.8,1.2,NaN
20061031,22.50168659,21,21,1,1.8,1.2,NaN
20061101,23.17451149,21,21,1,1.8,1.2,NaN
20061102,24.00750637,21,21,1,1.8,1.2,NaN
20061103,25.05644966,21,21,1,1.8,1.2,NaN
20061104,23.6639831,21,21,1,1.8,1.2,NaN
20061105,5.564607577,21,21,1,1.8,1.2,NaN
20061106,3.793089894,21,21,1,1.8,1.2,NaN
20061107,21.77500983,21,21,1,1.8,1.2,NaN
20061108,19.29301433,21,21,1,1.8,1.2,NaN
20061109,21.55150013,21,21,1,1.8,1.2,NaN
20061110,3.078025418,21,21,1,1.8,1.2,NaN
20061111,15.6346713,21,21,1,1.8,1.2,NaN
20061112,16.95386146,21,21,1,1.8,1.2,NaN
20061113,4.648790408,21,21,1,1.8,1.2,NaN
20061114,15.06787276,21,21,1,1.8,1.2,NaN
20061115,19.78301099,21,21,1,1.8,1.2,NaN
20061116,16.71446267,21,21,1,1.8,1.2,NaN
20061117,18.24975999,21,21,1,1.8,1.2,NaN
20061118,23.79381768,21,21,1,1.8,1.2,NaN
20061119,18.05479503,21,21,1,1.8,1.2,NaN
20061120,23.10317154,21,21,1,1.8,1.2,NaN
20061121,24.09788633,21,21,1,1.8,1.2,NaN
20061122,23.07349429,21,21,1,1.8,1.2,NaN
20061123,23.3566591,21,21,1,1.8,1.2,NaN
20061124,22.02233302,21,21,1,1.8,1.2,NaN
20061125,23.05834587,21,21,1,1.8,1.2,NaN
20061126,11.58753467,21,21,1,1.8,1.2,NaN
20061127,15.53120791,21,21,1,1.8,1.2,NaN
20061128,22.01040504,21,21,1,1.8,1.2,NaN
20061129,4.314321238,21,21,1,1.8,1.2,NaN
20061130,22.08667422,21,21,1,1.8,1.2,NaN
20061201,21.13287998,21,21,1,1.8,1.2,NaN
20061202,10.05417344,21,21,1,1.8,1.2,NaN
20061203,6.975012058,21,21,1,1.8,1.2,NaN
20061204,22.43573978,21,21,1,1.8,1.2,NaN
20061205,21.46725671,21,21,1,1.8,1.2,NaN
20061206,22.62333762,21,21,1,1.8,1.2,NaN
20061207,23.08422325,21,21,1,1.8,1.2,NaN
20061208,12.09146907,21,21,1,1.8,1.2,NaN
20061209,2.946734096,21,21,1,1.8,1.2,NaN
20061210,22.28902364,21,21,1,1.8,1.2,NaN
20061211,12.6466582,21,21,1,1.8,1.2,NaN
20061212,17.44276129,21,21,1,1.8,1.2,NaN
20061213,23.65872554,21,21,1,1.8,1.2,NaN
20061214,20.20515665,21,21,1,1.8,1.2,NaN
20061215,18.23870467,21,21,1,1.8,1.2,NaN
20061216,22.26726927,21,21,1,1.8,1.2,NaN
20061217,17.28567018,21,21,1,1.8,1.2,NaN
20061218,17.87032581,21,21,1,1.8,1.2,NaN
20061219,10.11689813,21,21,1,1.8,1.2,NaN
20061220,20.28343588,21,21,1,1.8,1.2,NaN
20061221,22.56695077,21,21,1,1.8,1.2,NaN
20061222,22.61812489,21,21,1,1.8,1.2,NaN
20061223,19.3100579,21,21,1,1.8,1.2,NaN
20061224,7.394815942,21,21,1,1.8,1.2,NaN
20061225,13.63976011,21,21,1,1.8,1.2,NaN
20061226,11.65610965,21,21,1,1.8,1.2,NaN
20061227,3.78055086,21,21,1,1.8,1.2,NaN
20061228,11.63659836,21,21,1,1.8,1.2,NaN
20061229,2.771522543,21,21,1,1.8,1.2,NaN
20061230,13.49252819,21,21,1,1.8,1.2,NaN
20061231,13.80922278,21,21,1,1.8,1.2,NaN
20070101,4.391032953,21,21,1,1.8,1.2,NaN
20070102,5.558088782,21,21,1,1.8,1.2,NaN
20070103,11.97931514,21,21,1,1.8,1.2,NaN
20070104,13.65510898,21,21,1,1.8,1.2,NaN
20070105,31.75302608,21,21,1,1.8,1.2,NaN
20070106,11.01937859,21,21,1,1.8,1.2,NaN
20070107,11.39719349,21,21,1,1.8,1.2,NaN
20070108,22.48185816,21,21,1,1.8,1.2,NaN
20070109,1.717170844,21,21,1,1.8,1.2,NaN
20070110,9.565287965,21,21,1,1.8,1.2,NaN
20070111,11.67064243,21,21,1,1.8,1.2,NaN
20070112,3.682289582,21,21,1,1.8,1.2,NaN
20070113,12.68195776,21,21,1,1.8,1.2,NaN
20070114,12.63904915,21,21,1,1.8,1.2,NaN
20070115,13.7086357,21,21,1,1.8,1.2,NaN
20070116,13.82288249,21,21,1,1.8,1.2,NaN
20070117,3.748435102,21,21,1,1.8,1.2,NaN
20070118,10.16077969,21,21,1,1.8,1.2,NaN
20070119,10.45160142,21,21,1,1.8,1.2,NaN
20070120,9.652344837,21,21,1,1.8,1.2,NaN
20070121,11.90760241,21,21,1,1.8,1.2,NaN
20070122,4.176172609,21,21,1,1.8,1.2,NaN
20070123,9.980159961,21,21,1,1.8,1.2,NaN
20070124,13.10617719,21,21,1,1.8,1.2,NaN
20070125,12.1864961,21,21,1,1.8,1.2,NaN
20070126,10.37528969,21,21,1,1.8,1.2,NaN
20070127,11.79818126,21,21,1,1.8,1.2,NaN
20070128,10.9655623,21,21,1,1.8,1.2,NaN
20070129,7.658815048,21,21,1,1.8,1.2,NaN
20070130,4.908390339,21,21,1,1.8,1.2,NaN
20070131,10.88947649,21,21,1,1.8,1.2,NaN
20070201,7.515321918,21,21,1,1.8,1.2,NaN
20070202,10.67267783,21,21,1,1.8,1.2,NaN
20070203,11.77160009,21,21,1,1.8,1.2,NaN
20070204,7.191903467,21,21,1,1.8,1.2,NaN
20070205,11.62467666,21,21,1,1.8,1.2,NaN
20070206,11.03842687,21,21,1,1.8,1.2,NaN
20070207,6.5705356,21,21,1,1.8,1.2,NaN
20070208,10.08461199,21,21,1,1.8,1.2,NaN
20070209,7.62507268,21,21,1,1.8,1.2,NaN
20070210,10.10816094,21,21,1,1.8,1.2,NaN
20070211,11.70172763,21,21,1,1.8,1.2,NaN
20070212,7.798304092,21,21,1,1.8,1.2,NaN
20070213,11.73741911,21,21,1,1.8,1.2,NaN
20070214,11.82202285,21,21,1,1.8,1.2,NaN
20070215,11.42487641,21,21,1,1.8,1.2,NaN
20070216,11.46283641,21,21,1,1.8,1.2,NaN
20070217,8.818703536,21,21,1,1.8,1.2,NaN
20070218,9.387529538,21,21,1,1.8,1.2,NaN
20070219,11.81504975,21,21,1,1.8,1.2,NaN
20070220,9.699458724,21,21,1,1.8,1.2,NaN
20070221,8.538497959,21,21,1,1.8,1.2,NaN
20070222,7.351706446,21,21,1,1.8,1.2,NaN
20070223,5.106786113,21,21,1,1.8,1.2,NaN
20070224,10.74384442,21,21,1,1.8,1.2,NaN
20070225,11.9004724,21,21,1,1.8,1.2,NaN
20070226,11.35952019,21,21,1,1.8,1.2,NaN
20070227,11.6547085,21,21,1,1.8,1.2,NaN
20070228,5.193733011,21,21,1,1.8,1.2,NaN
20070301,8.019488212,21,21,1,1.8,1.2,NaN
20070302,6.644732349,21,21,1,1.8,1.2,NaN
20070303,11.22011166,21,21,1,1.8,1.2,NaN
20070304,10.2999716,21,21,1,1.8,1.2,NaN
20070305,3.163219216,21,21,1,1.8,1.2,NaN
20070306,5.498658028,21,21,1,1.8,1.2,NaN
20070307,8.007193313,21,21,1,1.8,1.2,NaN
20070308,9.808845249,21,21,1,1.8,1.2,NaN
20070309,8.40969428,21,21,1,1.8,1.2,NaN
20070310,7.452981706,21,21,1,1.8,1.2,NaN
20070311,6.625633094,21,21,1,1.8,1.2,NaN
20070312,7.549080481,21,21,1,1.8,1.2,NaN
20070313,10.06111089,21,21,1,1.8,1.2,NaN
20070314,10.11205201,21,21,1,1.8,1.2,NaN
20070315,8.400704375,21,21,1,1.8,1.2,NaN
20070316,10.90954747,21,21,1,1.8,1.2,NaN
20070317,4.488750654,21,21,1,1.8,1.2,NaN
20070318,9.740208495,21,21,1,1.8,1.2,NaN
20070319,5.767913655,21,21,1,1.8,1.2,NaN
20070320,8.868096661,21,21,1,1.8,1.2,NaN
20070321,11.81412986,21,21,1,1.8,1.2,NaN
20070322,12.18185754,21,21,1,1.8,1.2,NaN
20070323,6.538636586,21,21,1,1.8,1.2,NaN
20070324,3.236664007,21,21,1,1.8,1.2,NaN
20070325,11.79970104,21,21,1,1.8,1.2,NaN
20070326,9.312545558,21,21,1,1.8,1.2,NaN
20070327,11.91849192,21,21,1,1.8,1.2,NaN
20070328,7.6793902,21,21,1,1.8,1.2,NaN
20070329,7.970750805,21,21,1,1.8,1.2,NaN
20070330,12.01727296,21,21,1,1.8,1.2,NaN
20070331,7.960005811,21,21,1,1.8,1.2,NaN
20070401,37.73501571,21,21,1,1.8,1.2,NaN
20070402,10.86406883,21,21,1,1.8,1.2,NaN
20070403,2.699663835,21,21,1,1.8,1.2,NaN
20070404,1.600858456,21,21,1,1.8,1.2,NaN
20070405,3.539267671,21,21,1,1.8,1.2,NaN
20070406,11.27237661,21,21,1,1.8,1.2,NaN
20070407,9.579994431,21,21,1,1.8,1.2,NaN
20070408,8.852574582,21,21,1,1.8,1.2,NaN
20070409,3.287072773,21,21,1,1.8,1.2,NaN
20070410,11.82162246,21,21,1,1.8,1.2,NaN
20070411,9.061777841,21,21,1,1.8,1.2,NaN
20070412,13.63772494,21,21,1,1.8,1.2,NaN
20070413,8.897088339,21,21,1,1.8,1.2,NaN
20070414,8.751680548,21,21,1,1.8,1.2,NaN
20070415,9.965851226,21,21,1,1.8,1.2,NaN
20070416,13.59866511,21,21,1,1.8,1.2,NaN
20070417,13.18164874,21,21,1,1.8,1.2,NaN
20070418,13.86166765,21,21,1,1.8,1.2,NaN
20070419,12.06267305,21,21,1,1.8,1.2,NaN
20070420,10.63563872,21,21,1,1.8,1.2,NaN
20070421,12.06359988,21,21,1,1.8,1.2,NaN
20070422,15.03483617,21,21,1,1.8,1.2,NaN
20070423,14.32371069,21,21,1,1.8,1.2,NaN
20070424,7.946971539,21,21,1,1.8,1.2,NaN
20070425,9.662422394,21,21,1,1.8,1.2,NaN
20070426,12.59496147,21,21,1,1.8,1.2,NaN
20070427,5.462326739,21,21,1,1.8,1.2,NaN
20070428,15.89062487,21,21,1,1.8,1.2,NaN
20070429,13.16648297,21,21,1,1.8,1.2,NaN
20070430,14.01036839,21,21,1,1.8,1.2,NaN
20070501,11.83178725,21,21,1,1.8,1.2,NaN
20070502,16.67467522,21,21,1,1.8,1.2,NaN
20070503,21859,21,21,1,1.8,1.2,NaN
20070504,21773,21,21,1,1.8,1.2,NaN
20070505,20563,21,21,1,1.8,1.2,NaN
20070506,20909,21,21,1,1.8,1.2,NaN
20070507,22550,21,21,1,1.8,1.2,NaN
20070508,10800,21,21,1,1.8,1.2,NaN
20070509,11837,21,21,1,1.8,1.2,NaN
20070510,16502,21,21,1,1.8,1.2,NaN
20070511,5443,21,21,1,1.8,1.2,NaN
20070512,18058,21,21,1,1.8,1.2,NaN
20070513,16848,21,21,1,1.8,1.2,NaN
20070514,11923,21,21,1,1.8,1.2,NaN
20070515,15725,21,21,1,1.8,1.2,NaN
20070516,17280,21,21,1,1.8,1.2,NaN
20070517,10973,21,21,1,1.8,1.2,NaN
20070518,28080,21,21,1,1.8,1.2,NaN
20070519,20563,21,21,1,1.8,1.2,NaN
20070520,5357,21,21,1,1.8,1.2,NaN
20070521,17366,21,21,1,1.8,1.2,NaN
20070522,13392,21,21,1,1.8,1.2,NaN
20070523,14602,21,21,1,1.8,1.2,NaN
20070524,12614,21,21,1,1.8,1.2,NaN
20070525,12182,21,21,1,1.8,1.2,NaN
20070526,19613,21,21,1,1.8,1.2,NaN
20070527,25747,21,21,1,1.8,1.2,NaN
20070528,6221,21,21,1,1.8,1.2,NaN
20070529,11578,21,21,1,1.8,1.2,NaN
20070530,19526,21,21,1,1.8,1.2,NaN
20070531,15725,21,21,1,1.8,1.2,NaN
20070601,9850,21,21,1,1.8,1.2,NaN
20070602,8986,21,21,1,1.8,1.2,NaN
20070603,18144,21,21,1,1.8,1.2,NaN
20070604,4579,21,21,1,1.8,1.2,NaN
20070605,19786,21,21,1,1.8,1.2,NaN
20070606,22032,21,21,1,1.8,1.2,NaN
20070607,20390,21,21,1,1.8,1.2,NaN
20070608,16762,21,21,1,1.8,1.2,NaN
20070609,10109,21,21,1,1.8,1.2,NaN
20070610,10022,21,21,1,1.8,1.2,NaN
20070611,14861,21,21,1,1.8,1.2,NaN
20070612,19958,21,21,1,1.8,1.2,NaN
20070613,16330,21,21,1,1.8,1.2,NaN
20070614,17885,21,21,1,1.8,1.2,NaN
20070615,22032,21,21,1,1.8,1.2,NaN
20070616,20131,21,21,1,1.8,1.2,NaN
20070617,21168,21,21,1,1.8,1.2,NaN
20070618,8467,21,21,1,1.8,1.2,NaN
20070619,24451,21,21,1,1.8,1.2,NaN
20070620,15120,21,21,1,1.8,1.2,NaN
20070621,8640,21,21,1,1.8,1.2,NaN
20070622,15120,21,21,1,1.8,1.2,NaN
20070623,21686,21,21,1,1.8,1.2,NaN
20070624,10368,21,21,1,1.8,1.2,NaN
20070625,19094,21,21,1,1.8,1.2,NaN
20070626,19008,21,21,1,1.8,1.2,NaN
20070627,10627,21,21,1,1.8,1.2,NaN
20070628,20563,21,21,1,1.8,1.2,NaN
20070629,20736,21,21,1,1.8,1.2,NaN
20070630,24278,21,21,1,1.8,1.2,NaN
20070701,8381,21,21,1,1.8,1.2,NaN
20070702,19526,21,21,1,1.8,1.2,NaN
20070703,25315,21,21,1,1.8,1.2,NaN
20070704,25747,21,21,1,1.8,1.2,NaN
20070705,19440,21,21,1,1.8,1.2,NaN
20070706,10368,21,21,1,1.8,1.2,NaN
20070707,12614,21,21,1,1.8,1.2,NaN
20070708,1987,21,21,1,1.8,1.2,NaN
20070709,9936,21,21,1,1.8,1.2,NaN
20070710,22550,21,21,1,1.8,1.2,NaN
20070711,19872,21,21,1,1.8,1.2,NaN
20070712,17626,21,21,1,1.8,1.2,NaN
20070713,17885,21,21,1,1.8,1.2,NaN
20070714,13910,21,21,1,1.8,1.2,NaN
20070715,14947,21,21,1,1.8,1.2,NaN
20070716,10800,21,21,1,1.8,1.2,NaN
20070717,18403,21,21,1,1.8,1.2,NaN
20070718,14947,21,21,1,1.8,1.2,NaN
20070719,9072,21,21,1,1.8,1.2,NaN
20070720,10973,21,21,1,1.8,1.2,NaN
20070721,9072,21,21,1,1.8,1.2,NaN
20070722,10973,21,21,1,1.8,1.2,NaN
20070723,19958,21,21,1,1.8,1.2,NaN
20070724,17107,21,21,1,1.8,1.2,NaN
20070725,12614,21,21,1,1.8,1.2,NaN
20070726,13392,21,21,1,1.8,1.2,NaN
20070727,16157,21,21,1,1.8,1.2,NaN
20070728,17712,21,21,1,1.8,1.2,NaN
20070729,9590,21,21,1,1.8,1.2,NaN
20070730,7344,21,21,1,1.8,1.2,NaN
20070731,9418,21,21,1,1.8,1.2,NaN
20070801,11232,21,21,1,1.8,1.2,NaN
20070802,16416,21,21,1,1.8,1.2,NaN
20070803,17366,21,21,1,1.8,1.2,NaN
20070804,5184,21,21,1,1.8,1.2,NaN
20070805,10195,21,21,1,1.8,1.2,NaN
20070806,9158,21,21,1,1.8,1.2,NaN
20070807,6826,21,21,1,1.8,1.2,NaN
20070808,8640,21,21,1,1.8,1.2,NaN
20070809,6307,21,21,1,1.8,1.2,NaN
20070810,11923,21,21,1,1.8,1.2,NaN
20070811,9590,21,21,1,1.8,1.2,NaN
20070812,8467,21,21,1,1.8,1.2,NaN
20070813,10454,21,21,1,1.8,1.2,NaN
20070814,16416,21,21,1,1.8,1.2,NaN
20070815,13910,21,21,1,1.8,1.2,NaN
20070816,2678,21,21,1,1.8,1.2,NaN
20070817,11491,21,21,1,1.8,1.2,NaN
20070818,11491,21,21,1,1.8,1.2,NaN
20070819,5616,21,21,1,1.8,1.2,NaN
20070820,7862,21,21,1,1.8,1.2,NaN
20070821,7430,21,21,1,1.8,1.2,NaN
20070822,12787,21,21,1,1.8,1.2,NaN
20070823,5875,21,21,1,1.8,1.2,NaN
20070824,9331,21,21,1,1.8,1.2,NaN
20070825,8899,21,21,1,1.8,1.2,NaN
20070826,9418,21,21,1,1.8,1.2,NaN
20070827,6739,21,21,1,1.8,1.2,NaN
20070828,2074,21,21,1,1.8,1.2,NaN
20070829,4925,21,21,1,1.8,1.2,NaN
20070830,2506,21,21,1,1.8,1.2,NaN
20070831,3110,21,21,1,1.8,1.2,NaN
20070901,1555,21,21,1,1.8,1.2,NaN
20070902,6048,21,21,1,1.8,1.2,NaN
20070903,9158,21,21,1,1.8,1.2,NaN
20070904,12960,21,21,1,1.8,1.2,NaN
20070905,12010,21,21,1,1.8,1.2,NaN
20070906,7344,21,21,1,1.8,1.2,NaN
20070907,3024,21,21,1,1.8,1.2,NaN
20070908,6998,21,21,1,1.8,1.2,NaN
20070909,8986,21,21,1,1.8,1.2,NaN
20070910,5962,21,21,1,1.8,1.2,NaN
20070911,9850,21,21,1,1.8,1.2,NaN
20070912,11146,21,21,1,1.8,1.2,NaN
20070913,9072,21,21,1,1.8,1.2,NaN
20070914,7776,21,21,1,1.8,1.2,NaN
20070915,2160,21,21,1,1.8,1.2,NaN
20070916,7603,21,21,1,1.8,1.2,NaN
20070917,5875,21,21,1,1.8,1.2,NaN
20070918,9504,21,21,1,1.8,1.2,NaN
20070919,3283,21,21,1,1.8,1.2,NaN
20070920,9504,21,21,1,1.8,1.2,NaN
20070921,9504,21,21,1,1.8,1.2,NaN
20070922,3629,21,21,1,1.8,1.2,NaN
20070923,1987,21,21,1,1.8,1.2,NaN
20070924,2938,21,21,1,1.8,1.2,NaN
20070925,1901,21,21,1,1.8,1.2,NaN
20070926,4234,21,21,1,1.8,1.2,NaN
20070927,864,21,21,1,1.8,1.2,NaN
20070928,5962,21,21,1,1.8,1.2,NaN
20070929,4234,21,21,1,1.8,1.2,NaN
20070930,1642,21,21,1,1.8,1.2,NaN
20071001,1469,21,21,1,1.8,1.2,NaN
20071002,1728,21,21,1,1.8,1.2,NaN
20071003,2506,21,21,1,1.8,1.2,NaN
20071004,1728,21,21,1,1.8,1.2,NaN
20071005,5270,21,21,1,1.8,1.2,NaN
20071006,1123,21,21,1,1.8,1.2,NaN
20071007,2506,21,21,1,1.8,1.2,NaN
20071008,4925,21,21,1,1.8,1.2,NaN
20071009,3974,21,21,1,1.8,1.2,NaN
20071010,3370,21,21,1,1.8,1.2,NaN
20071011,4666,21,21,1,1.8,1.2,NaN
20071012,950,21,21,1,1.8,1.2,NaN
20071013,4493,21,21,1,1.8,1.2,NaN
20071014,5616,21,21,1,1.8,1.2,NaN
20071015,2765,21,21,1,1.8,1.2,NaN
20071016,4493,21,21,1,1.8,1.2,NaN
20071017,4493,21,21,1,1.8,1.2,NaN
20071018,1728,21,21,1,1.8,1.2,NaN
20071019,2851,21,21,1,1.8,1.2,NaN
20071020,691,21,21,1,1.8,1.2,NaN
20071021,4579,21,21,1,1.8,1.2,NaN
20071022,1814,21,21,1,1.8,1.2,NaN
20071023,2938,21,21,1,1.8,1.2,NaN
20071024,2592,21,21,1,1.8,1.2,NaN
20071025,2678,21,21,1,1.8,1.2,NaN
20071026,2678,21,21,1,1.8,1.2,NaN
20071027,1037,21,21,1,1.8,1.2,NaN
20071028,518,21,21,1,1.8,1.2,NaN
20071029,605,21,21,1,1.8,1.2,NaN
20071030,4061,21,21,1,1.8,1.2,NaN
20071031,432,21,21,1,1.8,1.2,NaN
20071101,2419,21,21,1,1.8,1.2,NaN
20071102,1469,21,21,1,1.8,1.2,NaN
20071103,950,21,21,1,1.8,1.2,NaN
20071104,518,21,21,1,1.8,1.2,NaN
20071105,1987,21,21,1,1.8,1.2,NaN
20071106,2074,21,21,1,1.8,1.2,NaN
20071107,3283,21,21,1,1.8,1.2,NaN
20071108,1814,21,21,1,1.8,1.2,NaN
20071109,2678,21,21,1,1.8,1.2,NaN
20071110,864,21,21,1,1.8,1.2,NaN
20071111,1123,21,21,1,1.8,1.2,NaN
20071112,1728,21,21,1,1.8,1.2,NaN
20071113,2592,21,21,1,1.8,1.2,NaN
20071114,3542,21,21,1,1.8,1.2,NaN
20071115,1382,21,21,1,1.8,1.2,NaN
20071116,2419,21,21,1,1.8,1.2,NaN
20071117,3197,21,21,1,1.8,1.2,NaN
20071118,950,21,21,1,1.8,1.2,NaN
20071119,950,21,21,1,1.8,1.2,NaN
20071120,3370,21,21,1,1.8,1.2,NaN
20071121,2246,21,21,1,1.8,1.2,NaN
20071122,1382,21,21,1,1.8,1.2,NaN
20071123,1987,21,21,1,1.8,1.2,NaN
20071124,950,21,21,1,1.8,1.2,NaN
20071125,778,21,21,1,1.8,1.2,NaN
20071126,2938,21,21,1,1.8,1.2,NaN
20071127,2419,21,21,1,1.8,1.2,NaN
20071128,1642,21,21,1,1.8,1.2,NaN
20071129,1469,21,21,1,1.8,1.2,NaN
20071130,1123,21,21,1,1.8,1.2,NaN
20071201,3715,21,21,1,1.8,1.2,NaN
20071202,1814,21,21,1,1.8,1.2,NaN
20071203,1469,21,21,1,1.8,1.2,NaN
20071204,1555,21,21,1,1.8,1.2,NaN
20071205,3629,21,21,1,1.8,1.2,NaN
20071206,2246,21,21,1,1.8,1.2,NaN
20071207,1469,21,21,1,1.8,1.2,NaN
20071208,1901,21,21,1,1.8,1.2,NaN
20071209,2506,21,21,1,1.8,1.2,NaN
20071210,950,21,21,1,1.8,1.2,NaN
20071211,1814,21,21,1,1.8,1.2,NaN
20071212,2246,21,21,1,1.8,1.2,NaN
20071213,3110,21,21,1,1.8,1.2,NaN
20071214,691,21,21,1,1.8,1.2,NaN
20071215,3110,21,21,1,1.8,1.2,NaN
20071216,1210,21,21,1,1.8,1.2,NaN
20071217,1037,21,21,1,1.8,1.2,NaN
20071218,346,21,21,1,1.8,1.2,NaN
20071219,346,21,21,1,1.8,1.2,NaN
20071220,864,21,21,1,1.8,1.2,NaN
20071221,4925,21,21,1,1.8,1.2,NaN
20071222,778,21,21,1,1.8,1.2,NaN
20071223,518,21,21,1,1.8,1.2,NaN
20071224,3802,21,21,1,1.8,1.2,NaN
20071225,4493,21,21,1,1.8,1.2,NaN
20071226,2592,21,21,1,1.8,1.2,NaN
20071227,1382,21,21,1,1.8,1.2,NaN
20071228,950,21,21,1,1.8,1.2,NaN
20071229,1555,21,21,1,1.8,1.2,NaN
20071230,1901,21,21,1,1.8,1.2,NaN
20071231,2765,21,21,1,1.8,1.2,NaN
20080101,5098,21,21,1,1.8,1.2,NaN
20080102,5530,21,21,1,1.8,1.2,NaN
20080103,1555,21,21,1,1.8,1.2,NaN
20080104,1123,21,21,1,1.8,1.2,NaN
20080105,2333,21,21,1,1.8,1.2,NaN
20080106,4493,21,21,1,1.8,1.2,NaN
20080107,7344,21,21,1,1.8,1.2,NaN
20080108,7603,21,21,1,1.8,1.2,NaN
20080109,7171,21,21,1,1.8,1.2,NaN
20080110,7517,21,21,1,1.8,1.2,NaN
20080111,7776,21,21,1,1.8,1.2,NaN
20080112,2419,21,21,1,1.8,1.2,NaN
20080113,1642,21,21,1,1.8,1.2,NaN
20080114,8899,21,21,1,1.8,1.2,NaN
20080115,9072,21,21,1,1.8,1.2,NaN
20080116,9158,21,21,1,1.8,1.2,NaN
20080117,6134,21,21,1,1.8,1.2,NaN
20080118,4061,21,21,1,1.8,1.2,NaN
20080119,6826,21,21,1,1.8,1.2,NaN
20080120,2160,21,21,1,1.8,1.2,NaN
20080121,1901,21,21,1,1.8,1.2,NaN
20080122,4493,21,21,1,1.8,1.2,NaN
20080123,3110,21,21,1,1.8,1.2,NaN
20080124,9936,21,21,1,1.8,1.2,NaN
20080125,2074,21,21,1,1.8,1.2,NaN
20080126,9245,21,21,1,1.8,1.2,NaN
20080127,6826,21,21,1,1.8,1.2,NaN
20080128,5098,21,21,1,1.8,1.2,NaN
20080129,5530,21,21,1,1.8,1.2,NaN
20080130,8122,21,21,1,1.8,1.2,NaN
20080131,8899,21,21,1,1.8,1.2,NaN
20080201,9763,21,21,1,1.8,1.2,NaN
20080202,11405,21,21,1,1.8,1.2,NaN
20080203,2333,21,21,1,1.8,1.2,NaN
20080204,3283,21,21,1,1.8,1.2,NaN
20080205,9072,21,21,1,1.8,1.2,NaN
20080206,2246,21,21,1,1.8,1.2,NaN
20080207,3542,21,21,1,1.8,1.2,NaN
20080208,3542,21,21,1,1.8,1.2,NaN
20080209,2333,21,21,1,1.8,1.2,NaN
20080210,9763,21,21,1,1.8,1.2,NaN
20080211,12442,21,21,1,1.8,1.2,NaN
20080212,6998,21,21,1,1.8,1.2,NaN
20080213,2851,21,21,1,1.8,1.2,NaN
20080214,6221,21,21,1,1.8,1.2,NaN
20080215,12442,21,21,1,1.8,1.2,NaN
20080216,12442,21,21,1,1.8,1.2,NaN
20080217,6134,21,21,1,1.8,1.2,NaN
20080218,6653,21,21,1,1.8,1.2,NaN
20080219,7171,21,21,1,1.8,1.2,NaN
20080220,14256,21,21,1,1.8,1.2,NaN
20080221,11578,21,21,1,1.8,1.2,NaN
20080222,11578,21,21,1,1.8,1.2,NaN
20080223,6048,21,21,1,1.8,1.2,NaN
20080224,8726,21,21,1,1.8,1.2,NaN
20080225,7949,21,21,1,1.8,1.2,NaN
20080226,12442,21,21,1,1.8,1.2,NaN
20080227,4061,21,21,1,1.8,1.2,NaN
20080228,12355,21,21,1,1.8,1.2,NaN
20080229,7171,21,21,1,1.8,1.2,NaN
20080301,7258,21,21,1,1.8,1.2,NaN
20080302,8035,21,21,1,1.8,1.2,NaN
20080303,4925,21,21,1,1.8,1.2,NaN
20080304,3024,21,21,1,1.8,1.2,NaN
20080305,15638,21,21,1,1.8,1.2,NaN
20080306,17626,21,21,1,1.8,1.2,NaN
20080307,18835,21,21,1,1.8,1.2,NaN
20080308,16502,21,21,1,1.8,1.2,NaN
20080309,16848,21,21,1,1.8,1.2,NaN
20080310,15120,21,21,1,1.8,1.2,NaN
20080311,12096,21,21,1,1.8,1.2,NaN
20080312,15034,21,21,1,1.8,1.2,NaN
20080313,12182,21,21,1,1.8,1.2,NaN
20080314,12182,21,21,1,1.8,1.2,NaN
20080315,11923,21,21,1,1.8,1.2,NaN
20080316,19267,21,21,1,1.8,1.2,NaN
20080317,18749,21,21,1,1.8,1.2,NaN
20080318,16330,21,21,1,1.8,1.2,NaN
20080319,19699,21,21,1,1.8,1.2,NaN
20080320,20995,21,21,1,1.8,1.2,NaN
20080321,19354,21,21,1,1.8,1.2,NaN
20080322,17107,21,21,1,1.8,1.2,NaN
20080323,13219,21,21,1,1.8,1.2,NaN
20080324,19354,21,21,1,1.8,1.2,NaN
20080325,18058,21,21,1,1.8,1.2,NaN
20080326,19267,21,21,1,1.8,1.2,NaN
20080327,5011,21,21,1,1.8,1.2,NaN
20080328,12442,21,21,1,1.8,1.2,NaN
20080329,12182,21,21,1,1.8,1.2,NaN
20080330,17107,21,21,1,1.8,1.2,NaN
20080331,18576,21,21,1,1.8,1.2,NaN
20080401,23760,21,21,1,1.8,1.2,NaN
20080402,25142,21,21,1,1.8,1.2,NaN
20080403,25920,21,21,1,1.8,1.2,NaN
20080404,26093,21,21,1,1.8,1.2,NaN
20080405,25056,21,21,1,1.8,1.2,NaN
20080406,25834,21,21,1,1.8,1.2,NaN
20080407,25574,21,21,1,1.8,1.2,NaN
20080408,25834,21,21,1,1.8,1.2,NaN
20080409,26438,21,21,1,1.8,1.2,NaN
20080410,25834,21,21,1,1.8,1.2,NaN
20080411,22896,21,21,1,1.8,1.2,NaN
20080412,16762,21,21,1,1.8,1.2,NaN
20080413,17021,21,21,1,1.8,1.2,NaN
20080414,6826,21,21,1,1.8,1.2,NaN
20080415,3456,21,21,1,1.8,1.2,NaN
20080416,22810,21,21,1,1.8,1.2,NaN
20080417,15293,21,21,1,1.8,1.2,NaN
20080418,27389,21,21,1,1.8,1.2,NaN
20080419,28339,21,21,1,1.8,1.2,NaN
20080420,20131,21,21,1,1.8,1.2,NaN
20080421,23933,21,21,1,1.8,1.2,NaN
20080422,25142,21,21,1,1.8,1.2,NaN
20080423,10886,21,21,1,1.8,1.2,NaN
20080424,8294,21,21,1,1.8,1.2,NaN
20080425,13738,21,21,1,1.8,1.2,NaN
20080426,13046,21,21,1,1.8,1.2,NaN
20080427,9158,21,21,1,1.8,1.2,NaN
20080428,12096,21,21,1,1.8,1.2,NaN
20080429,15725,21,21,1,1.8,1.2,NaN
20080430,15811,21,21,1,1.8,1.2,NaN
20080501,24019,21,21,1,1.8,1.2,NaN
20080502,16502,21,21,1,1.8,1.2,NaN
20080503,13824,21,21,1,1.8,1.2,NaN
20080504,10368,21,21,1,1.8,1.2,NaN
20080505,26784,21,21,1,1.8,1.2,NaN
20080506,18922,21,21,1,1.8,1.2,NaN
20080507,20218,21,21,1,1.8,1.2,NaN
20080508,26698,21,21,1,1.8,1.2,NaN
20080509,23414,21,21,1,1.8,1.2,NaN
20080510,14515,21,21,1,1.8,1.2,NaN
20080511,7517,21,21,1,1.8,1.2,NaN
20080512,13306,21,21,1,1.8,1.2,NaN
20080513,11837,21,21,1,1.8,1.2,NaN
20080514,18490,21,21,1,1.8,1.2,NaN
20080515,21773,21,21,1,1.8,1.2,NaN
20080516,27734,21,21,1,1.8,1.2,NaN
20080517,23674,21,21,1,1.8,1.2,NaN
20080518,12614,21,21,1,1.8,1.2,NaN
20080519,20045,21,21,1,1.8,1.2,NaN
20080520,22378,21,21,1,1.8,1.2,NaN
20080521,20822,21,21,1,1.8,1.2,NaN
20080522,24106,21,21,1,1.8,1.2,NaN
20080523,28253,21,21,1,1.8,1.2,NaN
20080524,17971,21,21,1,1.8,1.2,NaN
20080525,24538,21,21,1,1.8,1.2,NaN
20080526,22810,21,21,1,1.8,1.2,NaN
20080527,14602,21,21,1,1.8,1.2,NaN
20080528,19872,21,21,1,1.8,1.2,NaN
20080529,20563,21,21,1,1.8,1.2,NaN
20080530,28944,21,21,1,1.8,1.2,NaN
20080531,20909,21,21,1,1.8,1.2,NaN
20080601,6134,21,21,1,1.8,1.2,NaN
20080602,18230,21,21,1,1.8,1.2,NaN
20080603,20477,21,21,1,1.8,1.2,NaN
20080604,21427,21,21,1,1.8,1.2,NaN
20080605,11837,21,21,1,1.8,1.2,NaN
20080606,15120,21,21,1,1.8,1.2,NaN
20080607,13824,21,21,1,1.8,1.2,NaN
20080608,5530,21,21,1,1.8,1.2,NaN
20080609,12355,21,21,1,1.8,1.2,NaN
20080610,16762,21,21,1,1.8,1.2,NaN
20080611,19354,21,21,1,1.8,1.2,NaN
20080612,22982,21,21,1,1.8,1.2,NaN
20080613,9936,21,21,1,1.8,1.2,NaN
20080614,17453,21,21,1,1.8,1.2,NaN
20080615,6394,21,21,1,1.8,1.2,NaN
20080616,8467,21,21,1,1.8,1.2,NaN
20080617,10368,21,21,1,1.8,1.2,NaN
20080618,16416,21,21,1,1.8,1.2,NaN
20080619,7430,21,21,1,1.8,1.2,NaN
20080620,20390,21,21,1,1.8,1.2,NaN
20080621,11232,21,21,1,1.8,1.2,NaN
20080622,27216,21,21,1,1.8,1.2,NaN
20080623,22464,21,21,1,1.8,1.2,NaN
20080624,15638,21,21,1,1.8,1.2,NaN
20080625,22550,21,21,1,1.8,1.2,NaN
20080626,20131,21,21,1,1.8,1.2,NaN
20080627,14947,21,21,1,1.8,1.2,NaN
20080628,23069,21,21,1,1.8,1.2,NaN
20080629,23242,21,21,1,1.8,1.2,NaN
20080630,18403,21,21,1,1.8,1.2,NaN
20080701,17280,21,21,1,1.8,1.2,NaN
20080702,10541,21,21,1,1.8,1.2,NaN
20080703,21859,21,21,1,1.8,1.2,NaN
20080704,15811,21,21,1,1.8,1.2,NaN
20080705,21082,21,21,1,1.8,1.2,NaN
20080706,8986,21,21,1,1.8,1.2,NaN
20080707,11664,21,21,1,1.8,1.2,NaN
20080708,19872,21,21,1,1.8,1.2,NaN
20080709,11318,21,21,1,1.8,1.2,NaN
20080710,14342,21,21,1,1.8,1.2,NaN
20080711,13133,21,21,1,1.8,1.2,NaN
20080712,17194,21,21,1,1.8,1.2,NaN
20080713,16502,21,21,1,1.8,1.2,NaN
20080714,20218,21,21,1,1.8,1.2,NaN
20080715,20390,21,21,1,1.8,1.2,NaN
20080716,11146,21,21,1,1.8,1.2,NaN
20080717,6307,21,21,1,1.8,1.2,NaN
20080718,11750,21,21,1,1.8,1.2,NaN
20080719,7690,21,21,1,1.8,1.2,NaN
20080720,11146,21,21,1,1.8,1.2,NaN
20080721,6307,21,21,1,1.8,1.2,NaN
20080722,14947,21,21,1,1.8,1.2,NaN
20080723,12269,21,21,1,1.8,1.2,NaN
20080724,13478,21,21,1,1.8,1.2,NaN
20080725,6048,21,21,1,1.8,1.2,NaN
20080726,3024,21,21,1,1.8,1.2,NaN
20080727,3888,21,21,1,1.8,1.2,NaN
20080728,13651,21,21,1,1.8,1.2,NaN
20080729,20131,21,21,1,1.8,1.2,NaN
20080730,17712,21,21,1,1.8,1.2,NaN
20080731,11664,21,21,1,1.8,1.2,NaN
20080801,5789,21,21,1,1.8,1.2,NaN
20080802,8467,21,21,1,1.8,1.2,NaN
20080803,15206,21,21,1,1.8,1.2,NaN
20080804,6134,21,21,1,1.8,1.2,NaN
20080805,11146,21,21,1,1.8,1.2,NaN
20080806,5875,21,21,1,1.8,1.2,NaN
20080807,7603,21,21,1,1.8,1.2,NaN
20080808,17366,21,21,1,1.8,1.2,NaN
20080809,13046,21,21,1,1.8,1.2,NaN
20080810,15638,21,21,1,1.8,1.2,NaN
20080811,4320,21,21,1,1.8,1.2,NaN
20080812,6739,21,21,1,1.8,1.2,NaN
20080813,15206,21,21,1,1.8,1.2,NaN
20080814,15811,21,21,1,1.8,1.2,NaN
20080815,8467,21,21,1,1.8,1.2,NaN
20080816,7344,21,21,1,1.8,1.2,NaN
20080817,15638,21,21,1,1.8,1.2,NaN
20080818,13392,21,21,1,1.8,1.2,NaN
20080819,15552,21,21,1,1.8,1.2,NaN
20080820,8554,21,21,1,1.8,1.2,NaN
20080821,10541,21,21,1,1.8,1.2,NaN
20080822,3456,21,21,1,1.8,1.2,NaN
20080823,5443,21,21,1,1.8,1.2,NaN
20080824,14083,21,21,1,1.8,1.2,NaN
20080825,13651,21,21,1,1.8,1.2,NaN
20080826,13997,21,21,1,1.8,1.2,NaN
20080827,11059,21,21,1,1.8,1.2,NaN
20080828,6912,21,21,1,1.8,1.2,NaN
20080829,3629,21,21,1,1.8,1.2,NaN
20080830,5789,21,21,1,1.8,1.2,NaN
20080831,7258,21,21,1,1.8,1.2,NaN
20080901,8381,21,21,1,1.8,1.2,NaN
20080902,6998,21,21,1,1.8,1.2,NaN
20080903,1469,21,21,1,1.8,1.2,NaN
20080904,3715,21,21,1,1.8,1.2,NaN
20080905,5270,21,21,1,1.8,1.2,NaN
20080906,5962,21,21,1,1.8,1.2,NaN
20080907,9504,21,21,1,1.8,1.2,NaN
20080908,9936,21,21,1,1.8,1.2,NaN
20080909,10109,21,21,1,1.8,1.2,NaN
20080910,6394,21,21,1,1.8,1.2,NaN
20080911,8726,21,21,1,1.8,1.2,NaN
20080912,9072,21,21,1,1.8,1.2,NaN
20080913,2506,21,21,1,1.8,1.2,NaN
20080914,5184,21,21,1,1.8,1.2,NaN
20080915,8122,21,21,1,1.8,1.2,NaN
20080916,6998,21,21,1,1.8,1.2,NaN
20080917,5530,21,21,1,1.8,1.2,NaN
20080918,9418,21,21,1,1.8,1.2,NaN
20080919,4061,21,21,1,1.8,1.2,NaN
20080920,6048,21,21,1,1.8,1.2,NaN
20080921,8294,21,21,1,1.8,1.2,NaN
20080922,1642,21,21,1,1.8,1.2,NaN
20080923,8122,21,21,1,1.8,1.2,NaN
20080924,950,21,21,1,1.8,1.2,NaN
20080925,5702,21,21,1,1.8,1.2,NaN
20080926,5443,21,21,1,1.8,1.2,NaN
20080927,6134,21,21,1,1.8,1.2,NaN
20080928,3974,21,21,1,1.8,1.2,NaN
20080929,3197,21,21,1,1.8,1.2,NaN
20080930,1469,21,21,1,1.8,1.2,NaN
20081001,4147,21,21,1,1.8,1.2,NaN
20081002,950,21,21,1,1.8,1.2,NaN
20081003,1987,21,21,1,1.8,1.2,NaN
20081004,691,21,21,1,1.8,1.2,NaN
20081005,3715,21,21,1,1.8,1.2,NaN
20081006,3370,21,21,1,1.8,1.2,NaN
20081007,6048,21,21,1,1.8,1.2,NaN
20081008,3802,21,21,1,1.8,1.2,NaN
20081009,1814,21,21,1,1.8,1.2,NaN
20081010,3283,21,21,1,1.8,1.2,NaN
20081011,4234,21,21,1,1.8,1.2,NaN
20081012,4320,21,21,1,1.8,1.2,NaN
20081013,605,21,21,1,1.8,1.2,NaN
20081014,691,21,21,1,1.8,1.2,NaN
20081015,1814,21,21,1,1.8,1.2,NaN
20081016,3110,21,21,1,1.8,1.2,NaN
20081017,691,21,21,1,1.8,1.2,NaN
20081018,2246,21,21,1,1.8,1.2,NaN
20081019,1901,21,21,1,1.8,1.2,NaN
20081020,3110,21,21,1,1.8,1.2,NaN
20081021,4147,21,21,1,1.8,1.2,NaN
20081022,1642,21,21,1,1.8,1.2,NaN
20081023,2419,21,21,1,1.8,1.2,NaN
20081024,2851,21,21,1,1.8,1.2,NaN
20081025,1901,21,21,1,1.8,1.2,NaN
20081026,518,21,21,1,1.8,1.2,NaN
20081027,1037,21,21,1,1.8,1.2,NaN
20081028,2506,21,21,1,1.8,1.2,NaN
20081029,432,21,21,1,1.8,1.2,NaN
20081030,2765,21,21,1,1.8,1.2,NaN
20081031,1469,21,21,1,1.8,1.2,NaN
20081101,2246,21,21,1,1.8,1.2,NaN
20081102,950,21,21,1,1.8,1.2,NaN
20081103,1469,21,21,1,1.8,1.2,NaN
20081104,2160,21,21,1,1.8,1.2,NaN
20081105,3629,21,21,1,1.8,1.2,NaN
20081106,2506,21,21,1,1.8,1.2,NaN
20081107,518,21,21,1,1.8,1.2,NaN
20081108,3629,21,21,1,1.8,1.2,NaN
20081109,518,21,21,1,1.8,1.2,NaN
20081110,1469,21,21,1,1.8,1.2,NaN
20081111,3024,21,21,1,1.8,1.2,NaN
20081112,1987,21,21,1,1.8,1.2,NaN
20081113,432,21,21,1,1.8,1.2,NaN
20081114,1123,21,21,1,1.8,1.2,NaN
20081115,518,21,21,1,1.8,1.2,NaN
20081116,691,21,21,1,1.8,1.2,NaN
20081117,3456,21,21,1,1.8,1.2,NaN
20081118,778,21,21,1,1.8,1.2,NaN
20081119,691,21,21,1,1.8,1.2,NaN
20081120,1987,21,21,1,1.8,1.2,NaN
20081121,1382,21,21,1,1.8,1.2,NaN
20081122,605,21,21,1,1.8,1.2,NaN
20081123,950,21,21,1,1.8,1.2,NaN
20081124,3715,21,21,1,1.8,1.2,NaN
20081125,3542,21,21,1,1.8,1.2,NaN
20081126,3024,21,21,1,1.8,1.2,NaN
20081127,3542,21,21,1,1.8,1.2,NaN
20081128,3370,21,21,1,1.8,1.2,NaN
20081129,3110,21,21,1,1.8,1.2,NaN
